<?xml version="1.0" encoding="UTF-8"?>
<!DOCTYPE generatorConfiguration
  PUBLIC "-//mybatis.org//DTD MyBatis Generator Configuration 1.0//EN"
  "http://mybatis.org/dtd/mybatis-generator-config_1_0.dtd">
<generatorConfiguration>

	<context id="DB2Tables" targetRuntime="MyBatis3">
		<commentGenerator>
			<property name="suppressAllComments" value="true" />
		</commentGenerator>
		<!-- 配置数据库连接 -->
		<jdbcConnection driverClass="com.mysql.jdbc.Driver"
			connectionURL="jdbc:mysql://localhost:3306/tt" userId="root"
			password="123456">
		</jdbcConnection>

		<javaTypeResolver>
			<property name="forceBigDecimals" value="false" />
		</javaTypeResolver>

		<!-- 指定javaBean生成的位置 -->
		<javaModelGenerator targetPackage="cn.tt.bean"
			targetProject=".\src\main\java">
			<property name="enableSubPackages" value="true" />
			<property name="trimStrings" value="true" />
		</javaModelGenerator>

		<!--指定sql映射文件生成的位置 -->
		<sqlMapGenerator targetPackage="mapper" targetProject=".\src\main\resources">
			<property name="enableSubPackages" value="true" />
		</sqlMapGenerator>

		<!-- 指定dao接口生成的位置，mapper接口 -->
		<javaClientGenerator type="XMLMAPPER"
			targetPackage="cn.tt.dao" targetProject=".\src\main\java">
			<property name="enableSubPackages" value="true" />
		</javaClientGenerator>


		<!-- table指定每个表的生成策略 -->
		<!-- 
		<table tableName="account" domainObjectName="Account"></table>
		<table tableName="album_authority" domainObjectName="Album_authority"></table>
		<table tableName="bill" domainObjectName="Bill"></table>
		<table tableName="comment" domainObjectName="Comment"></table>
		<table tableName="date" domainObjectName="Publishdate"></table>
		<table tableName="dynamic" domainObjectName="Dynamic"></table>
		<table tableName="gift" domainObjectName="Gift"></table>
		<table tableName="sign" domainObjectName="Sign"></table>
		<table tableName="user_gift" domainObjectName="User_gift"></table>
		<table tableName="user_info" domainObjectName="User_info"></table>
		<table tableName="wallet" domainObjectName="Wallet"></table>
		 
		<table tableName="friends" domainObjectName="Friends"></table>
		<table tableName="voicedy" domainObjectName="Voicedy"></table>
		
		<table tableName="voicomment" domainObjectName="VoiComment"></table>
		<table tableName="album" domainObjectName="Album"></table>
		<table tableName="img_info" domainObjectName="ImgInfo"></table>
		 
		<table tableName="file_trade" domainObjectName="FileTrade"></table>
		-->
		<table tableName="dynamic_state" domainObjectName="DynamicState"></table>
	</context>
</generatorConfiguration>