<?xml version="1.0" encoding="UTF-8"?>
<!DOCTYPE mapper PUBLIC "-//mybatis.org//DTD Mapper 3.0//EN" "http://mybatis.org/dtd/mybatis-3-mapper.dtd">
<mapper namespace="cn.tt.dao.AccountMapper">
  <resultMap id="BaseResultMap" type="cn.tt.bean.Account">
    <id column="accountid" jdbcType="VARCHAR" property="accountid" />
    <result column="username" jdbcType="VARCHAR" property="username" />
    <result column="password" jdbcType="VARCHAR" property="password" />
  </resultMap>
  <sql id="Example_Where_Clause">
    <where>
      <foreach collection="oredCriteria" item="criteria" separator="or">
        <if test="criteria.valid">
          <trim prefix="(" prefixOverrides="and" suffix=")">
            <foreach collection="criteria.criteria" item="criterion">
              <choose>
                <when test="criterion.noValue">
                  and ${criterion.condition}
                </when>
                <when test="criterion.singleValue">
                  and ${criterion.condition} #{criterion.value}
                </when>
                <when test="criterion.betweenValue">
                  and ${criterion.condition} #{criterion.value} and #{criterion.secondValue}
                </when>
                <when test="criterion.listValue">
                  and ${criterion.condition}
                  <foreach close=")" collection="criterion.value" item="listItem" open="(" separator=",">
                    #{listItem}
                  </foreach>
                </when>
              </choose>
            </foreach>
          </trim>
        </if>
      </foreach>
    </where>
  </sql>
  <sql id="Update_By_Example_Where_Clause">
    <where>
      <foreach collection="example.oredCriteria" item="criteria" separator="or">
        <if test="criteria.valid">
          <trim prefix="(" prefixOverrides="and" suffix=")">
            <foreach collection="criteria.criteria" item="criterion">
              <choose>
                <when test="criterion.noValue">
                  and ${criterion.condition}
                </when>
                <when test="criterion.singleValue">
                  and ${criterion.condition} #{criterion.value}
                </when>
                <when test="criterion.betweenValue">
                  and ${criterion.condition} #{criterion.value} and #{criterion.secondValue}
                </when>
                <when test="criterion.listValue">
                  and ${criterion.condition}
                  <foreach close=")" collection="criterion.value" item="listItem" open="(" separator=",">
                    #{listItem}
                  </foreach>
                </when>
              </choose>
            </foreach>
          </trim>
        </if>
      </foreach>
    </where>
  </sql>
  <sql id="Base_Column_List">
    accountid, username, password
  </sql>
  <select id="selectByExample" parameterType="cn.tt.bean.AccountExample" resultMap="BaseResultMap">
    select
    <if test="distinct">
      distinct
    </if>
    <include refid="Base_Column_List" />
    from account
    <if test="_parameter != null">
      <include refid="Example_Where_Clause" />
    </if>
    <if test="orderByClause != null">
      order by ${orderByClause}
    </if>
  </select>
  <select id="selectByPrimaryKey" parameterType="java.lang.String" resultMap="BaseResultMap">
    select 
    <include refid="Base_Column_List" />
    from account
    where accountid = #{accountid,jdbcType=VARCHAR}
  </select>
  <delete id="deleteByPrimaryKey" parameterType="java.lang.String">
    delete from account
    where accountid = #{accountid,jdbcType=VARCHAR}
  </delete>
  <delete id="deleteByExample" parameterType="cn.tt.bean.AccountExample">
    delete from account
    <if test="_parameter != null">
      <include refid="Example_Where_Clause" />
    </if>
  </delete>
  <insert id="insert" parameterType="cn.tt.bean.Account">
    <selectKey keyProperty="accountid" order="AFTER" resultType="java.lang.String">
      SELECT LAST_INSERT_ID()
    </selectKey>
    insert into account (accountid,username, password)
    values (#{accountid,jdbcType=VARCHAR},#{username,jdbcType=VARCHAR}, #{password,jdbcType=VARCHAR})
  </insert>
  <insert id="insertSelective" parameterType="cn.tt.bean.Account">
    <selectKey keyProperty="accountid" order="AFTER" resultType="java.lang.String">
      SELECT LAST_INSERT_ID()
    </selectKey>
    insert into account
    <trim prefix="(" suffix=")" suffixOverrides=",">
      <if test="username != null">
        username,
      </if>
      <if test="password != null">
        password,
      </if>
    </trim>
    <trim prefix="values (" suffix=")" suffixOverrides=",">
      <if test="username != null">
        #{username,jdbcType=VARCHAR},
      </if>
      <if test="password != null">
        #{password,jdbcType=VARCHAR},
      </if>
    </trim>
  </insert>
  <select id="countByExample" parameterType="cn.tt.bean.AccountExample" resultType="java.lang.Long">
    select count(*) from account
    <if test="_parameter != null">
      <include refid="Example_Where_Clause" />
    </if>
  </select>
  <update id="updateByExampleSelective" parameterType="map">
    update account
    <set>
      <if test="record.accountid != null">
        accountid = #{record.accountid,jdbcType=VARCHAR},
      </if>
      <if test="record.username != null">
        username = #{record.username,jdbcType=VARCHAR},
      </if>
      <if test="record.password != null">
        password = #{record.password,jdbcType=VARCHAR},
      </if>
    </set>
    <if test="_parameter != null">
      <include refid="Update_By_Example_Where_Clause" />
    </if>
  </update>
  <update id="updateByExample" parameterType="map">
    update account
    set accountid = #{record.accountid,jdbcType=VARCHAR},
      username = #{record.username,jdbcType=VARCHAR},
      password = #{record.password,jdbcType=VARCHAR}
    <if test="_parameter != null">
      <include refid="Update_By_Example_Where_Clause" />
    </if>
  </update>
  <update id="updateByPrimaryKeySelective" parameterType="cn.tt.bean.Account">
    update account
    <set>
      <if test="username != null">
        username = #{username,jdbcType=VARCHAR},
      </if>
      <if test="password != null">
        password = #{password,jdbcType=VARCHAR},
      </if>
    </set>
    where accountid = #{accountid,jdbcType=VARCHAR}
  </update>
  <update id="updateByPrimaryKey" parameterType="cn.tt.bean.Account">
    update account
    set username = #{username,jdbcType=VARCHAR},
      password = #{password,jdbcType=VARCHAR}
    where accountid = #{accountid,jdbcType=VARCHAR}
  </update>
  <select id="selectMaxAccountid" resultType="String">
  	select max(accountid) from account;
  </select>
</mapper>