<?xml version="1.0" encoding="UTF-8"?>
<!DOCTYPE mapper PUBLIC "-//mybatis.org//DTD Mapper 3.0//EN" "http://mybatis.org/dtd/mybatis-3-mapper.dtd">
<mapper namespace="cn.tt.dao.AlbumMapper">
  <resultMap id="BaseResultMap" type="cn.tt.bean.Album">
    <id column="albumid" jdbcType="VARCHAR" property="albumid" />
    <result column="name" jdbcType="VARCHAR" property="name" />
    <result column="account_id" jdbcType="VARCHAR" property="accountId" />
    <result column="description" jdbcType="VARCHAR" property="description" />
    <result column="level" jdbcType="INTEGER" property="level" />
    <result column="price" jdbcType="DOUBLE" property="price" />
    <result column="create_time" jdbcType="VARCHAR" property="createTime" />
  </resultMap>
  <sql id="Example_Where_Clause">
    <where>
      <foreach collection="oredCriteria" item="criteria" separator="or">
        <if test="criteria.valid">
          <trim prefix="(" prefixOverrides="and" suffix=")">
            <foreach collection="criteria.criteria" item="criterion">
              <choose>
                <when test="criterion.noValue">
                  and ${criterion.condition}
                </when>
                <when test="criterion.singleValue">
                  and ${criterion.condition} #{criterion.value}
                </when>
                <when test="criterion.betweenValue">
                  and ${criterion.condition} #{criterion.value} and #{criterion.secondValue}
                </when>
                <when test="criterion.listValue">
                  and ${criterion.condition}
                  <foreach close=")" collection="criterion.value" item="listItem" open="(" separator=",">
                    #{listItem}
                  </foreach>
                </when>
              </choose>
            </foreach>
          </trim>
        </if>
      </foreach>
    </where>
  </sql>
  <sql id="Update_By_Example_Where_Clause">
    <where>
      <foreach collection="example.oredCriteria" item="criteria" separator="or">
        <if test="criteria.valid">
          <trim prefix="(" prefixOverrides="and" suffix=")">
            <foreach collection="criteria.criteria" item="criterion">
              <choose>
                <when test="criterion.noValue">
                  and ${criterion.condition}
                </when>
                <when test="criterion.singleValue">
                  and ${criterion.condition} #{criterion.value}
                </when>
                <when test="criterion.betweenValue">
                  and ${criterion.condition} #{criterion.value} and #{criterion.secondValue}
                </when>
                <when test="criterion.listValue">
                  and ${criterion.condition}
                  <foreach close=")" collection="criterion.value" item="listItem" open="(" separator=",">
                    #{listItem}
                  </foreach>
                </when>
              </choose>
            </foreach>
          </trim>
        </if>
      </foreach>
    </where>
  </sql>
  <sql id="Base_Column_List">
    albumid, name, account_id, description, level, price, create_time
  </sql>
  <select id="selectByExample" parameterType="cn.tt.bean.AlbumExample" resultMap="BaseResultMap">
    select
    <if test="distinct">
      distinct
    </if>
    <include refid="Base_Column_List" />
    from album
    <if test="_parameter != null">
      <include refid="Example_Where_Clause" />
    </if>
    <if test="orderByClause != null">
      order by ${orderByClause}
    </if>
  </select>
  <select id="selectByPrimaryKey" parameterType="java.lang.String" resultMap="BaseResultMap">
    select 
    <include refid="Base_Column_List" />
    from album
    where albumid = #{albumid,jdbcType=VARCHAR}
  </select>
  <delete id="deleteByPrimaryKey" parameterType="java.lang.String">
    delete from album
    where albumid = #{albumid,jdbcType=VARCHAR}
  </delete>
  <delete id="deleteByExample" parameterType="cn.tt.bean.AlbumExample">
    delete from album
    <if test="_parameter != null">
      <include refid="Example_Where_Clause" />
    </if>
  </delete>
  <insert id="insert" parameterType="cn.tt.bean.Album">
    insert into album (albumid, name, account_id, 
      description, level, price, 
      create_time)
    values (#{albumid,jdbcType=VARCHAR}, #{name,jdbcType=VARCHAR}, #{accountId,jdbcType=VARCHAR}, 
      #{description,jdbcType=VARCHAR}, #{level,jdbcType=INTEGER}, #{price,jdbcType=DOUBLE}, 
      #{createTime,jdbcType=VARCHAR})
  </insert>
  <insert id="insertSelective" parameterType="cn.tt.bean.Album">
    insert into album
    <trim prefix="(" suffix=")" suffixOverrides=",">
      <if test="albumid != null">
        albumid,
      </if>
      <if test="name != null">
        name,
      </if>
      <if test="accountId != null">
        account_id,
      </if>
      <if test="description != null">
        description,
      </if>
      <if test="level != null">
        level,
      </if>
      <if test="price != null">
        price,
      </if>
      <if test="createTime != null">
        create_time,
      </if>
    </trim>
    <trim prefix="values (" suffix=")" suffixOverrides=",">
      <if test="albumid != null">
        #{albumid,jdbcType=VARCHAR},
      </if>
      <if test="name != null">
        #{name,jdbcType=VARCHAR},
      </if>
      <if test="accountId != null">
        #{accountId,jdbcType=VARCHAR},
      </if>
      <if test="description != null">
        #{description,jdbcType=VARCHAR},
      </if>
      <if test="level != null">
        #{level,jdbcType=INTEGER},
      </if>
      <if test="price != null">
        #{price,jdbcType=DOUBLE},
      </if>
      <if test="createTime != null">
        #{createTime,jdbcType=VARCHAR},
      </if>
    </trim>
  </insert>
  <select id="countByExample" parameterType="cn.tt.bean.AlbumExample" resultType="java.lang.Long">
    select count(*) from album
    <if test="_parameter != null">
      <include refid="Example_Where_Clause" />
    </if>
  </select>
  <update id="updateByExampleSelective" parameterType="map">
    update album
    <set>
      <if test="record.albumid != null">
        albumid = #{record.albumid,jdbcType=VARCHAR},
      </if>
      <if test="record.name != null">
        name = #{record.name,jdbcType=VARCHAR},
      </if>
      <if test="record.accountId != null">
        account_id = #{record.accountId,jdbcType=VARCHAR},
      </if>
      <if test="record.description != null">
        description = #{record.description,jdbcType=VARCHAR},
      </if>
      <if test="record.level != null">
        level = #{record.level,jdbcType=INTEGER},
      </if>
      <if test="record.price != null">
        price = #{record.price,jdbcType=DOUBLE},
      </if>
      <if test="record.createTime != null">
        create_time = #{record.createTime,jdbcType=VARCHAR},
      </if>
    </set>
    <if test="_parameter != null">
      <include refid="Update_By_Example_Where_Clause" />
    </if>
  </update>
  <update id="updateByExample" parameterType="map">
    update album
    set albumid = #{record.albumid,jdbcType=VARCHAR},
      name = #{record.name,jdbcType=VARCHAR},
      account_id = #{record.accountId,jdbcType=VARCHAR},
      description = #{record.description,jdbcType=VARCHAR},
      level = #{record.level,jdbcType=INTEGER},
      price = #{record.price,jdbcType=DOUBLE},
      create_time = #{record.createTime,jdbcType=VARCHAR}
    <if test="_parameter != null">
      <include refid="Update_By_Example_Where_Clause" />
    </if>
  </update>
  <update id="updateByPrimaryKeySelective" parameterType="cn.tt.bean.Album">
    update album
    <set>
      <if test="name != null">
        name = #{name,jdbcType=VARCHAR},
      </if>
      <if test="accountId != null">
        account_id = #{accountId,jdbcType=VARCHAR},
      </if>
      <if test="description != null">
        description = #{description,jdbcType=VARCHAR},
      </if>
      <if test="level != null">
        level = #{level,jdbcType=INTEGER},
      </if>
      <if test="price != null">
        price = #{price,jdbcType=DOUBLE},
      </if>
      <if test="createTime != null">
        create_time = #{createTime,jdbcType=VARCHAR},
      </if>
    </set>
    where albumid = #{albumid,jdbcType=VARCHAR}
  </update>
  <update id="updateByPrimaryKey" parameterType="cn.tt.bean.Album">
    update album
    set name = #{name,jdbcType=VARCHAR},
      account_id = #{accountId,jdbcType=VARCHAR},
      description = #{description,jdbcType=VARCHAR},
      level = #{level,jdbcType=INTEGER},
      price = #{price,jdbcType=DOUBLE},
      create_time = #{createTime,jdbcType=VARCHAR}
    where albumid = #{albumid,jdbcType=VARCHAR}
  </update>
  
  	<resultMap type="cn.tt.bean.Album" id="albumMap">
	    <id column="albumid" jdbcType="VARCHAR" property="albumid" />
    	<result column="name" jdbcType="VARCHAR" property="name" />
    	<result column="account_id" jdbcType="VARCHAR" property="accountId" />
    	<result column="description" jdbcType="VARCHAR" property="description" />
    	<result column="level" jdbcType="INTEGER" property="level" />
    	<result column="price" jdbcType="DOUBLE" property="price" />
    	<result column="create_time" jdbcType="VARCHAR" property="createTime" />
		
		<collection property="imgs" ofType="cn.tt.bean.ImgInfo">
		    <id column="imgid" jdbcType="VARCHAR" property="imgid" />
    		<result column="albumid" jdbcType="VARCHAR" property="albumid" />
    		<result column="filename" jdbcType="VARCHAR" property="filename" />
    		<result column="imgurl" jdbcType="VARCHAR" property="imgurl" />
    		<result column="upload_time" jdbcType="VARCHAR" property="uploadTime" />
		</collection>
	</resultMap>
  	<select id="selectAlbumsByUser" resultMap="albumMap" parameterType="java.lang.String">
		select * from (album left join img_info on album.albumid=img_info.albumid) where 
		account_id = #{accountId,jdbcType=VARCHAR} order by create_time desc;
	</select>
  	<select id="selectFreeAlbums" resultMap="albumMap">
		select * from (album left join img_info on album.albumid=img_info.albumid) where 
		account_id = #{accountId,jdbcType=VARCHAR} and level=0 
		order by create_time desc;
	</select>
  	<select id="selectVipFreeAlbums" resultMap="albumMap" parameterType="java.lang.String">
		select * from (album left join img_info on album.albumid=img_info.albumid) where 
		account_id = #{accountId,jdbcType=VARCHAR} and level=2 
		order by create_time desc;
	</select>	
	<select id="selectChargeAlbums" resultMap="albumMap" parameterType="java.lang.String">
		select * from (album left join img_info on album.albumid=img_info.albumid) where 
		account_id = #{accountId,jdbcType=VARCHAR} and level=3 
		order by create_time desc;
	</select>
</mapper>