<?xml version="1.0" encoding="UTF-8"?>
<!DOCTYPE mapper PUBLIC "-//mybatis.org//DTD Mapper 3.0//EN" "http://mybatis.org/dtd/mybatis-3-mapper.dtd">
<mapper namespace="cn.tt.dao.CommentMapper">
  <resultMap id="BaseResultMap" type="cn.tt.bean.Comment">
    <id column="id" jdbcType="VARCHAR" property="id" />
    <result column="account" jdbcType="VARCHAR" property="account" />
    <result column="comment_account" jdbcType="VARCHAR" property="commentAccount" />
    <result column="dynaimc_id" jdbcType="VARCHAR" property="dynaimcId" />
    <result column="releasedate" jdbcType="TIMESTAMP" property="releasedate" />
    <result column="content" jdbcType="VARCHAR" property="content" />
    <result column="support" jdbcType="INTEGER" property="support" />
    <result column="unlike" jdbcType="INTEGER" property="unlike" />
  </resultMap>
  <sql id="Example_Where_Clause">
    <where>
      <foreach collection="oredCriteria" item="criteria" separator="or">
        <if test="criteria.valid">
          <trim prefix="(" prefixOverrides="and" suffix=")">
            <foreach collection="criteria.criteria" item="criterion">
              <choose>
                <when test="criterion.noValue">
                  and ${criterion.condition}
                </when>
                <when test="criterion.singleValue">
                  and ${criterion.condition} #{criterion.value}
                </when>
                <when test="criterion.betweenValue">
                  and ${criterion.condition} #{criterion.value} and #{criterion.secondValue}
                </when>
                <when test="criterion.listValue">
                  and ${criterion.condition}
                  <foreach close=")" collection="criterion.value" item="listItem" open="(" separator=",">
                    #{listItem}
                  </foreach>
                </when>
              </choose>
            </foreach>
          </trim>
        </if>
      </foreach>
    </where>
  </sql>
  <sql id="Update_By_Example_Where_Clause">
    <where>
      <foreach collection="example.oredCriteria" item="criteria" separator="or">
        <if test="criteria.valid">
          <trim prefix="(" prefixOverrides="and" suffix=")">
            <foreach collection="criteria.criteria" item="criterion">
              <choose>
                <when test="criterion.noValue">
                  and ${criterion.condition}
                </when>
                <when test="criterion.singleValue">
                  and ${criterion.condition} #{criterion.value}
                </when>
                <when test="criterion.betweenValue">
                  and ${criterion.condition} #{criterion.value} and #{criterion.secondValue}
                </when>
                <when test="criterion.listValue">
                  and ${criterion.condition}
                  <foreach close=")" collection="criterion.value" item="listItem" open="(" separator=",">
                    #{listItem}
                  </foreach>
                </when>
              </choose>
            </foreach>
          </trim>
        </if>
      </foreach>
    </where>
  </sql>
  <sql id="Base_Column_List">
    id, account, comment_account, dynaimc_id, releasedate, content, support, unlike
  </sql>
  <select id="selectByExample" parameterType="cn.tt.bean.CommentExample" resultMap="BaseResultMap">
    select
    <if test="distinct">
      distinct
    </if>
    <include refid="Base_Column_List" />
    from comment
    <if test="_parameter != null">
      <include refid="Example_Where_Clause" />
    </if>
    <if test="orderByClause != null">
      order by ${orderByClause}
    </if>
  </select>
  <select id="selectByPrimaryKey" parameterType="java.lang.String" resultMap="BaseResultMap">
    select 
    <include refid="Base_Column_List" />
    from comment
    where id = #{id,jdbcType=VARCHAR}
  </select>
  <delete id="deleteByPrimaryKey" parameterType="java.lang.String">
    delete from comment
    where id = #{id,jdbcType=VARCHAR}
  </delete>
  <delete id="deleteByExample" parameterType="cn.tt.bean.CommentExample">
    delete from comment
    <if test="_parameter != null">
      <include refid="Example_Where_Clause" />
    </if>
  </delete>
  <insert id="insert" parameterType="cn.tt.bean.Comment">
    insert into comment (id, account, comment_account, 
      dynaimc_id, releasedate, content, 
      support, unlike)
    values (#{id,jdbcType=VARCHAR}, #{account,jdbcType=VARCHAR}, #{commentAccount,jdbcType=VARCHAR}, 
      #{dynaimcId,jdbcType=VARCHAR}, #{releasedate,jdbcType=TIMESTAMP}, #{content,jdbcType=VARCHAR}, 
      #{support,jdbcType=INTEGER}, #{unlike,jdbcType=INTEGER})
  </insert>
  <insert id="insertSelective" parameterType="cn.tt.bean.Comment">
    insert into comment
    <trim prefix="(" suffix=")" suffixOverrides=",">
      <if test="id != null">
        id,
      </if>
      <if test="account != null">
        account,
      </if>
      <if test="commentAccount != null">
        comment_account,
      </if>
      <if test="dynaimcId != null">
        dynaimc_id,
      </if>
      <if test="releasedate != null">
        releasedate,
      </if>
      <if test="content != null">
        content,
      </if>
      <if test="support != null">
        support,
      </if>
      <if test="unlike != null">
        unlike,
      </if>
    </trim>
    <trim prefix="values (" suffix=")" suffixOverrides=",">
      <if test="id != null">
        #{id,jdbcType=VARCHAR},
      </if>
      <if test="account != null">
        #{account,jdbcType=VARCHAR},
      </if>
      <if test="commentAccount != null">
        #{commentAccount,jdbcType=VARCHAR},
      </if>
      <if test="dynaimcId != null">
        #{dynaimcId,jdbcType=VARCHAR},
      </if>
      <if test="releasedate != null">
        #{releasedate,jdbcType=TIMESTAMP},
      </if>
      <if test="content != null">
        #{content,jdbcType=VARCHAR},
      </if>
      <if test="support != null">
        #{support,jdbcType=INTEGER},
      </if>
      <if test="unlike != null">
        #{unlike,jdbcType=INTEGER},
      </if>
    </trim>
  </insert>
  <select id="countByExample" parameterType="cn.tt.bean.CommentExample" resultType="java.lang.Long">
    select count(*) from comment
    <if test="_parameter != null">
      <include refid="Example_Where_Clause" />
    </if>
  </select>
  <update id="updateByExampleSelective" parameterType="map">
    update comment
    <set>
      <if test="record.id != null">
        id = #{record.id,jdbcType=VARCHAR},
      </if>
      <if test="record.account != null">
        account = #{record.account,jdbcType=VARCHAR},
      </if>
      <if test="record.commentAccount != null">
        comment_account = #{record.commentAccount,jdbcType=VARCHAR},
      </if>
      <if test="record.dynaimcId != null">
        dynaimc_id = #{record.dynaimcId,jdbcType=VARCHAR},
      </if>
      <if test="record.releasedate != null">
        releasedate = #{record.releasedate,jdbcType=TIMESTAMP},
      </if>
      <if test="record.content != null">
        content = #{record.content,jdbcType=VARCHAR},
      </if>
      <if test="record.support != null">
        support = #{record.support,jdbcType=INTEGER},
      </if>
      <if test="record.unlike != null">
        unlike = #{record.unlike,jdbcType=INTEGER},
      </if>
    </set>
    <if test="_parameter != null">
      <include refid="Update_By_Example_Where_Clause" />
    </if>
  </update>
  <update id="updateByExample" parameterType="map">
    update comment
    set id = #{record.id,jdbcType=VARCHAR},
      account = #{record.account,jdbcType=VARCHAR},
      comment_account = #{record.commentAccount,jdbcType=VARCHAR},
      dynaimc_id = #{record.dynaimcId,jdbcType=VARCHAR},
      releasedate = #{record.releasedate,jdbcType=TIMESTAMP},
      content = #{record.content,jdbcType=VARCHAR},
      support = #{record.support,jdbcType=INTEGER},
      unlike = #{record.unlike,jdbcType=INTEGER}
    <if test="_parameter != null">
      <include refid="Update_By_Example_Where_Clause" />
    </if>
  </update>
  <update id="updateByPrimaryKeySelective" parameterType="cn.tt.bean.Comment">
    update comment
    <set>
      <if test="account != null">
        account = #{account,jdbcType=VARCHAR},
      </if>
      <if test="commentAccount != null">
        comment_account = #{commentAccount,jdbcType=VARCHAR},
      </if>
      <if test="dynaimcId != null">
        dynaimc_id = #{dynaimcId,jdbcType=VARCHAR},
      </if>
      <if test="releasedate != null">
        releasedate = #{releasedate,jdbcType=TIMESTAMP},
      </if>
      <if test="content != null">
        content = #{content,jdbcType=VARCHAR},
      </if>
      <if test="support != null">
        support = #{support,jdbcType=INTEGER},
      </if>
      <if test="unlike != null">
        unlike = #{unlike,jdbcType=INTEGER},
      </if>
    </set>
    where id = #{id,jdbcType=VARCHAR}
  </update>
  <update id="updateByPrimaryKey" parameterType="cn.tt.bean.Comment">
    update comment
    set account = #{account,jdbcType=VARCHAR},
      comment_account = #{commentAccount,jdbcType=VARCHAR},
      dynaimc_id = #{dynaimcId,jdbcType=VARCHAR},
      releasedate = #{releasedate,jdbcType=TIMESTAMP},
      content = #{content,jdbcType=VARCHAR},
      support = #{support,jdbcType=INTEGER},
      unlike = #{unlike,jdbcType=INTEGER}
    where id = #{id,jdbcType=VARCHAR}
  </update>
</mapper>