<?xml version="1.0" encoding="UTF-8"?>
<!DOCTYPE mapper PUBLIC "-//mybatis.org//DTD Mapper 3.0//EN" "http://mybatis.org/dtd/mybatis-3-mapper.dtd">
<mapper namespace="cn.tt.dao.DynamicMapper">
  <resultMap id="BaseResultMap" type="cn.tt.bean.Dynamic">
    <id column="d_id" jdbcType="VARCHAR" property="dId" />
    <result column="account_id" jdbcType="VARCHAR" property="accountId" />
    <result column="d_category" jdbcType="INTEGER" property="dCategory" />
    <result column="d_releasetime" jdbcType="VARCHAR" property="dReleasetime" />
    <result column="support" jdbcType="INTEGER" property="support" />
    <result column="unlike" jdbcType="INTEGER" property="unlike" />
    <result column="gift" jdbcType="INTEGER" property="gift" />
    <result column="comment" jdbcType="INTEGER" property="comment" />
    <result column="share" jdbcType="INTEGER" property="share" />
    <result column="dyima" jdbcType="VARCHAR" property="dyima" />
  </resultMap>
  <resultMap extends="BaseResultMap" id="ResultMapWithBLOBs" type="cn.tt.bean.Dynamic">
    <result column="d_content" jdbcType="LONGVARCHAR" property="dContent" />
  </resultMap>
  <sql id="Example_Where_Clause">
    <where>
      <foreach collection="oredCriteria" item="criteria" separator="or">
        <if test="criteria.valid">
          <trim prefix="(" prefixOverrides="and" suffix=")">
            <foreach collection="criteria.criteria" item="criterion">
              <choose>
                <when test="criterion.noValue">
                  and ${criterion.condition}
                </when>
                <when test="criterion.singleValue">
                  and ${criterion.condition} #{criterion.value}
                </when>
                <when test="criterion.betweenValue">
                  and ${criterion.condition} #{criterion.value} and #{criterion.secondValue}
                </when>
                <when test="criterion.listValue">
                  and ${criterion.condition}
                  <foreach close=")" collection="criterion.value" item="listItem" open="(" separator=",">
                    #{listItem}
                  </foreach>
                </when>
              </choose>
            </foreach>
          </trim>
        </if>
      </foreach>
    </where>
  </sql>
  <sql id="Update_By_Example_Where_Clause">
    <where>
      <foreach collection="example.oredCriteria" item="criteria" separator="or">
        <if test="criteria.valid">
          <trim prefix="(" prefixOverrides="and" suffix=")">
            <foreach collection="criteria.criteria" item="criterion">
              <choose>
                <when test="criterion.noValue">
                  and ${criterion.condition}
                </when>
                <when test="criterion.singleValue">
                  and ${criterion.condition} #{criterion.value}
                </when>
                <when test="criterion.betweenValue">
                  and ${criterion.condition} #{criterion.value} and #{criterion.secondValue}
                </when>
                <when test="criterion.listValue">
                  and ${criterion.condition}
                  <foreach close=")" collection="criterion.value" item="listItem" open="(" separator=",">
                    #{listItem}
                  </foreach>
                </when>
              </choose>
            </foreach>
          </trim>
        </if>
      </foreach>
    </where>
  </sql>
  <sql id="Base_Column_List">
    d_id, account_id, d_category, d_releasetime, support, unlike, gift, comment, share, 
    dyima
  </sql>
  <sql id="Blob_Column_List">
    d_content
  </sql>
  <select id="selectByExampleWithBLOBs" parameterType="cn.tt.bean.DynamicExample" resultMap="ResultMapWithBLOBs">
    select
    <if test="distinct">
      distinct
    </if>
    <include refid="Base_Column_List" />
    ,
    <include refid="Blob_Column_List" />
    from dynamic
    <if test="_parameter != null">
      <include refid="Example_Where_Clause" />
    </if>
    <if test="orderByClause != null">
      order by ${orderByClause}
    </if>
  </select>
  <select id="selectByExample" parameterType="cn.tt.bean.DynamicExample" resultMap="BaseResultMap">
    select
    <if test="distinct">
      distinct
    </if>
    <include refid="Base_Column_List" />
    from dynamic
    <if test="_parameter != null">
      <include refid="Example_Where_Clause" />
    </if>
    <if test="orderByClause != null">
      order by ${orderByClause}
    </if>
  </select>
  <select id="selectByPrimaryKey" parameterType="java.lang.String" resultMap="ResultMapWithBLOBs">
    select 
    <include refid="Base_Column_List" />
    ,
    <include refid="Blob_Column_List" />
    from dynamic
    where d_id = #{dId,jdbcType=VARCHAR}
  </select>
  <delete id="deleteByPrimaryKey" parameterType="java.lang.String">
    delete from dynamic
    where d_id = #{dId,jdbcType=VARCHAR}
  </delete>
  <delete id="deleteByExample" parameterType="cn.tt.bean.DynamicExample">
    delete from dynamic
    <if test="_parameter != null">
      <include refid="Example_Where_Clause" />
    </if>
  </delete>
  <insert id="insert" parameterType="cn.tt.bean.Dynamic">
    insert into dynamic (d_id, account_id, d_category, 
      d_releasetime, support, unlike, 
      gift, comment, share, 
      dyima, d_content)
    values (#{dId,jdbcType=VARCHAR}, #{accountId,jdbcType=VARCHAR}, #{dCategory,jdbcType=INTEGER}, 
      #{dReleasetime,jdbcType=VARCHAR}, #{support,jdbcType=INTEGER}, #{unlike,jdbcType=INTEGER}, 
      #{gift,jdbcType=INTEGER}, #{comment,jdbcType=INTEGER}, #{share,jdbcType=INTEGER}, 
      #{dyima,jdbcType=VARCHAR}, #{dContent,jdbcType=LONGVARCHAR})
  </insert>
  <insert id="insertSelective" parameterType="cn.tt.bean.Dynamic">
    insert into dynamic
    <trim prefix="(" suffix=")" suffixOverrides=",">
      <if test="dId != null">
        d_id,
      </if>
      <if test="accountId != null">
        account_id,
      </if>
      <if test="dCategory != null">
        d_category,
      </if>
      <if test="dReleasetime != null">
        d_releasetime,
      </if>
      <if test="support != null">
        support,
      </if>
      <if test="unlike != null">
        unlike,
      </if>
      <if test="gift != null">
        gift,
      </if>
      <if test="comment != null">
        comment,
      </if>
      <if test="share != null">
        share,
      </if>
      <if test="dyima != null">
        dyima,
      </if>
      <if test="dContent != null">
        d_content,
      </if>
    </trim>
    <trim prefix="values (" suffix=")" suffixOverrides=",">
      <if test="dId != null">
        #{dId,jdbcType=VARCHAR},
      </if>
      <if test="accountId != null">
        #{accountId,jdbcType=VARCHAR},
      </if>
      <if test="dCategory != null">
        #{dCategory,jdbcType=INTEGER},
      </if>
      <if test="dReleasetime != null">
        #{dReleasetime,jdbcType=VARCHAR},
      </if>
      <if test="support != null">
        #{support,jdbcType=INTEGER},
      </if>
      <if test="unlike != null">
        #{unlike,jdbcType=INTEGER},
      </if>
      <if test="gift != null">
        #{gift,jdbcType=INTEGER},
      </if>
      <if test="comment != null">
        #{comment,jdbcType=INTEGER},
      </if>
      <if test="share != null">
        #{share,jdbcType=INTEGER},
      </if>
      <if test="dyima != null">
        #{dyima,jdbcType=VARCHAR},
      </if>
      <if test="dContent != null">
        #{dContent,jdbcType=LONGVARCHAR},
      </if>
    </trim>
  </insert>
  <select id="countByExample" parameterType="cn.tt.bean.DynamicExample" resultType="java.lang.Long">
    select count(*) from dynamic
    <if test="_parameter != null">
      <include refid="Example_Where_Clause" />
    </if>
  </select>
  <update id="updateByExampleSelective" parameterType="map">
    update dynamic
    <set>
      <if test="record.dId != null">
        d_id = #{record.dId,jdbcType=VARCHAR},
      </if>
      <if test="record.accountId != null">
        account_id = #{record.accountId,jdbcType=VARCHAR},
      </if>
      <if test="record.dCategory != null">
        d_category = #{record.dCategory,jdbcType=INTEGER},
      </if>
      <if test="record.dReleasetime != null">
        d_releasetime = #{record.dReleasetime,jdbcType=VARCHAR},
      </if>
      <if test="record.support != null">
        support = #{record.support,jdbcType=INTEGER},
      </if>
      <if test="record.unlike != null">
        unlike = #{record.unlike,jdbcType=INTEGER},
      </if>
      <if test="record.gift != null">
        gift = #{record.gift,jdbcType=INTEGER},
      </if>
      <if test="record.comment != null">
        comment = #{record.comment,jdbcType=INTEGER},
      </if>
      <if test="record.share != null">
        share = #{record.share,jdbcType=INTEGER},
      </if>
      <if test="record.dyima != null">
        dyima = #{record.dyima,jdbcType=VARCHAR},
      </if>
      <if test="record.dContent != null">
        d_content = #{record.dContent,jdbcType=LONGVARCHAR},
      </if>
    </set>
    <if test="_parameter != null">
      <include refid="Update_By_Example_Where_Clause" />
    </if>
  </update>
  <update id="updateByExampleWithBLOBs" parameterType="map">
    update dynamic
    set d_id = #{record.dId,jdbcType=VARCHAR},
      account_id = #{record.accountId,jdbcType=VARCHAR},
      d_category = #{record.dCategory,jdbcType=INTEGER},
      d_releasetime = #{record.dReleasetime,jdbcType=VARCHAR},
      support = #{record.support,jdbcType=INTEGER},
      unlike = #{record.unlike,jdbcType=INTEGER},
      gift = #{record.gift,jdbcType=INTEGER},
      comment = #{record.comment,jdbcType=INTEGER},
      share = #{record.share,jdbcType=INTEGER},
      dyima = #{record.dyima,jdbcType=VARCHAR},
      d_content = #{record.dContent,jdbcType=LONGVARCHAR}
    <if test="_parameter != null">
      <include refid="Update_By_Example_Where_Clause" />
    </if>
  </update>
  <update id="updateByExample" parameterType="map">
    update dynamic
    set d_id = #{record.dId,jdbcType=VARCHAR},
      account_id = #{record.accountId,jdbcType=VARCHAR},
      d_category = #{record.dCategory,jdbcType=INTEGER},
      d_releasetime = #{record.dReleasetime,jdbcType=VARCHAR},
      support = #{record.support,jdbcType=INTEGER},
      unlike = #{record.unlike,jdbcType=INTEGER},
      gift = #{record.gift,jdbcType=INTEGER},
      comment = #{record.comment,jdbcType=INTEGER},
      share = #{record.share,jdbcType=INTEGER},
      dyima = #{record.dyima,jdbcType=VARCHAR}
    <if test="_parameter != null">
      <include refid="Update_By_Example_Where_Clause" />
    </if>
  </update>
  <update id="updateByPrimaryKeySelective" parameterType="cn.tt.bean.Dynamic">
    update dynamic
    <set>
      <if test="accountId != null">
        account_id = #{accountId,jdbcType=VARCHAR},
      </if>
      <if test="dCategory != null">
        d_category = #{dCategory,jdbcType=INTEGER},
      </if>
      <if test="dReleasetime != null">
        d_releasetime = #{dReleasetime,jdbcType=VARCHAR},
      </if>
      <if test="support != null">
        support = #{support,jdbcType=INTEGER},
      </if>
      <if test="unlike != null">
        unlike = #{unlike,jdbcType=INTEGER},
      </if>
      <if test="gift != null">
        gift = #{gift,jdbcType=INTEGER},
      </if>
      <if test="comment != null">
        comment = #{comment,jdbcType=INTEGER},
      </if>
      <if test="share != null">
        share = #{share,jdbcType=INTEGER},
      </if>
      <if test="dyima != null">
        dyima = #{dyima,jdbcType=VARCHAR},
      </if>
      <if test="dContent != null">
        d_content = #{dContent,jdbcType=LONGVARCHAR},
      </if>
    </set>
    where d_id = #{dId,jdbcType=VARCHAR}
  </update>
  
  <update id="updateByPrimaryKeyWithBLOBs" parameterType="cn.tt.bean.Dynamic">
    update dynamic
    set account_id = #{accountId,jdbcType=VARCHAR},
      d_category = #{dCategory,jdbcType=INTEGER},
      d_releasetime = #{dReleasetime,jdbcType=VARCHAR},
      support = #{support,jdbcType=INTEGER},
      unlike = #{unlike,jdbcType=INTEGER},
      gift = #{gift,jdbcType=INTEGER},
      comment = #{comment,jdbcType=INTEGER},
      share = #{share,jdbcType=INTEGER},
      dyima = #{dyima,jdbcType=VARCHAR},
      d_content = #{dContent,jdbcType=LONGVARCHAR}
    where d_id = #{dId,jdbcType=VARCHAR}
  </update>
  <update id="updateByPrimaryKey" parameterType="cn.tt.bean.Dynamic">
    update dynamic
    set account_id = #{accountId,jdbcType=VARCHAR},
      d_category = #{dCategory,jdbcType=INTEGER},
      d_releasetime = #{dReleasetime,jdbcType=VARCHAR},
      support = #{support,jdbcType=INTEGER},
      unlike = #{unlike,jdbcType=INTEGER},
      gift = #{gift,jdbcType=INTEGER},
      comment = #{comment,jdbcType=INTEGER},
      share = #{share,jdbcType=INTEGER},
      dyima = #{dyima,jdbcType=VARCHAR}
    where d_id = #{dId,jdbcType=VARCHAR}
  </update>
  
  
   <!-- 获取全部用户的动态 -->
	<select id="selectDynamic" resultMap="dunamicUserMap">
		select * from (dynamic left
		join user_info on dynamic.account_id=user_info.account_id)
		left join comment on dynamic.d_id=comment.dynaimc_id order by
		d_releasetime desc;
	</select>
	<!-- 获取指定用户的全部动态，传入参数为用户的ID -->
	<select id="selectDynamicbyUserId" resultMap="dunamicUserMap" parameterType="java.lang.String">
		select * from (dynamic left
		join user_info on dynamic.account_id=user_info.account_id)
		left join comment on dynamic.d_id=comment.dynaimc_id 
		where dynamic.account_id = #{accountId,jdbcType=VARCHAR}
		order by d_releasetime desc;
	</select>
	<select id="selectDynamicNumByUser" resultType="java.lang.Integer">
		select count(*) from dynamic where account_id = #{accountId,jdbcType=VARCHAR}; 
	</select>
	
	<resultMap type="cn.tt.bean.Dynamic" id="dunamicUserMap">
		<id column="d_id" jdbcType="VARCHAR" property="dId" />
		<result column="account_id" jdbcType="VARCHAR" property="accountId" />
		<result column="d_category" jdbcType="INTEGER" property="dCategory" />
		<result column="d_releasetime" jdbcType="VARCHAR" property="dReleasetime" />
		<result column="support" jdbcType="INTEGER" property="support" />
		<result column="unlike" jdbcType="INTEGER" property="unlike" />
		<result column="gift" jdbcType="INTEGER" property="gift" />
		<result column="comment" jdbcType="INTEGER" property="comment" />
		<result column="share" jdbcType="INTEGER" property="share" />
		<result column="dyima" jdbcType="VARCHAR" property="dyima" />
		<result column="d_content" jdbcType="LONGVARCHAR" property="dContent" />

		<association property="user_info" column="account_id"
			javaType="cn.tt.bean.User_info">
			<id column="account_id" jdbcType="VARCHAR" property="accountId" />
			<result column="sex" jdbcType="TINYINT" property="sex" />
			<result column="name" jdbcType="VARCHAR" property="name" />
			<result column="city" jdbcType="VARCHAR" property="city" />
			<result column="hight" jdbcType="INTEGER" property="hight" />
			<result column="weight" jdbcType="INTEGER" property="weight" />
			<result column="qq" jdbcType="VARCHAR" property="qq" />
			<result column="phone_num" jdbcType="VARCHAR" property="phoneNum" />
			<result column="like_sports" jdbcType="VARCHAR" property="likeSports" />
			<result column="sex_info" jdbcType="VARCHAR" property="sexInfo" />
			<result column="merriage" jdbcType="TINYINT" property="merriage" />
			<result column="friendcount" jdbcType="INTEGER" property="friendcount" />
			<result column="follwcount" jdbcType="INTEGER" property="follwcount" />
			<result column="fanscount" jdbcType="INTEGER" property="fanscount" />
			<result column="giftcount" jdbcType="INTEGER" property="giftcount" />
			<result column="profile" jdbcType="VARCHAR" property="profile" />
			<result column="token" jdbcType="VARCHAR" property="token" />
		</association>
		
		<collection property="commentList" ofType="cn.tt.bean.Comment">
			<id column="id" jdbcType="VARCHAR" property="id" />
			<result column="account" jdbcType="VARCHAR" property="account" />
			<result column="comment_account" jdbcType="VARCHAR" property="commentAccount" />
			<result column="dynaimc_id" jdbcType="VARCHAR" property="dynaimcId" />
			<result column="content" jdbcType="VARCHAR" property="content" />
			<result column="like" jdbcType="INTEGER" property="like" />
			<result column="unlike" jdbcType="INTEGER" property="unlike" />
		</collection>
	</resultMap>
</mapper>