<?xml version="1.0" encoding="UTF-8"?>
<!DOCTYPE mapper PUBLIC "-//mybatis.org//DTD Mapper 3.0//EN" "http://mybatis.org/dtd/mybatis-3-mapper.dtd">
<mapper namespace="cn.tt.dao.DynamicStateMapper">
  <resultMap id="BaseResultMap" type="cn.tt.bean.DynamicState">
    <id column="stateid" jdbcType="VARCHAR" property="stateid" />
    <result column="dynamicid" jdbcType="VARCHAR" property="dynamicid" />
    <result column="accountid" jdbcType="VARCHAR" property="accountid" />
    <result column="dynamic_type" jdbcType="INTEGER" property="dynamicType" />
    <result column="support" jdbcType="INTEGER" property="support" />
    <result column="unlike" jdbcType="INTEGER" property="unlike" />
  </resultMap>
  <sql id="Example_Where_Clause">
    <where>
      <foreach collection="oredCriteria" item="criteria" separator="or">
        <if test="criteria.valid">
          <trim prefix="(" prefixOverrides="and" suffix=")">
            <foreach collection="criteria.criteria" item="criterion">
              <choose>
                <when test="criterion.noValue">
                  and ${criterion.condition}
                </when>
                <when test="criterion.singleValue">
                  and ${criterion.condition} #{criterion.value}
                </when>
                <when test="criterion.betweenValue">
                  and ${criterion.condition} #{criterion.value} and #{criterion.secondValue}
                </when>
                <when test="criterion.listValue">
                  and ${criterion.condition}
                  <foreach close=")" collection="criterion.value" item="listItem" open="(" separator=",">
                    #{listItem}
                  </foreach>
                </when>
              </choose>
            </foreach>
          </trim>
        </if>
      </foreach>
    </where>
  </sql>
  <sql id="Update_By_Example_Where_Clause">
    <where>
      <foreach collection="example.oredCriteria" item="criteria" separator="or">
        <if test="criteria.valid">
          <trim prefix="(" prefixOverrides="and" suffix=")">
            <foreach collection="criteria.criteria" item="criterion">
              <choose>
                <when test="criterion.noValue">
                  and ${criterion.condition}
                </when>
                <when test="criterion.singleValue">
                  and ${criterion.condition} #{criterion.value}
                </when>
                <when test="criterion.betweenValue">
                  and ${criterion.condition} #{criterion.value} and #{criterion.secondValue}
                </when>
                <when test="criterion.listValue">
                  and ${criterion.condition}
                  <foreach close=")" collection="criterion.value" item="listItem" open="(" separator=",">
                    #{listItem}
                  </foreach>
                </when>
              </choose>
            </foreach>
          </trim>
        </if>
      </foreach>
    </where>
  </sql>
  <sql id="Base_Column_List">
    stateid, dynamicid, accountid, dynamic_type, support, unlike
  </sql>
  <select id="selectByExample" parameterType="cn.tt.bean.DynamicStateExample" resultMap="BaseResultMap">
    select
    <if test="distinct">
      distinct
    </if>
    <include refid="Base_Column_List" />
    from dynamic_state
    <if test="_parameter != null">
      <include refid="Example_Where_Clause" />
    </if>
    <if test="orderByClause != null">
      order by ${orderByClause}
    </if>
  </select>
  <select id="selectByPrimaryKey" parameterType="java.lang.String" resultMap="BaseResultMap">
    select 
    <include refid="Base_Column_List" />
    from dynamic_state
    where stateid = #{stateid,jdbcType=VARCHAR}
  </select>
  <delete id="deleteByPrimaryKey" parameterType="java.lang.String">
    delete from dynamic_state
    where stateid = #{stateid,jdbcType=VARCHAR}
  </delete>
  <delete id="deleteByExample" parameterType="cn.tt.bean.DynamicStateExample">
    delete from dynamic_state
    <if test="_parameter != null">
      <include refid="Example_Where_Clause" />
    </if>
  </delete>
  <insert id="insert" parameterType="cn.tt.bean.DynamicState">
    insert into dynamic_state (stateid, dynamicid, accountid, 
      dynamic_type, support, unlike
      )
    values (#{stateid,jdbcType=VARCHAR}, #{dynamicid,jdbcType=VARCHAR}, #{accountid,jdbcType=VARCHAR}, 
      #{dynamicType,jdbcType=INTEGER}, #{support,jdbcType=INTEGER}, #{unlike,jdbcType=INTEGER}
      )
  </insert>
  <insert id="insertSelective" parameterType="cn.tt.bean.DynamicState">
    insert into dynamic_state
    <trim prefix="(" suffix=")" suffixOverrides=",">
      <if test="stateid != null">
        stateid,
      </if>
      <if test="dynamicid != null">
        dynamicid,
      </if>
      <if test="accountid != null">
        accountid,
      </if>
      <if test="dynamicType != null">
        dynamic_type,
      </if>
      <if test="support != null">
        support,
      </if>
      <if test="unlike != null">
        unlike,
      </if>
    </trim>
    <trim prefix="values (" suffix=")" suffixOverrides=",">
      <if test="stateid != null">
        #{stateid,jdbcType=VARCHAR},
      </if>
      <if test="dynamicid != null">
        #{dynamicid,jdbcType=VARCHAR},
      </if>
      <if test="accountid != null">
        #{accountid,jdbcType=VARCHAR},
      </if>
      <if test="dynamicType != null">
        #{dynamicType,jdbcType=INTEGER},
      </if>
      <if test="support != null">
        #{support,jdbcType=INTEGER},
      </if>
      <if test="unlike != null">
        #{unlike,jdbcType=INTEGER},
      </if>
    </trim>
  </insert>
  <select id="countByExample" parameterType="cn.tt.bean.DynamicStateExample" resultType="java.lang.Long">
    select count(*) from dynamic_state
    <if test="_parameter != null">
      <include refid="Example_Where_Clause" />
    </if>
  </select>
  <update id="updateByExampleSelective" parameterType="map">
    update dynamic_state
    <set>
      <if test="record.stateid != null">
        stateid = #{record.stateid,jdbcType=VARCHAR},
      </if>
      <if test="record.dynamicid != null">
        dynamicid = #{record.dynamicid,jdbcType=VARCHAR},
      </if>
      <if test="record.accountid != null">
        accountid = #{record.accountid,jdbcType=VARCHAR},
      </if>
      <if test="record.dynamicType != null">
        dynamic_type = #{record.dynamicType,jdbcType=INTEGER},
      </if>
      <if test="record.support != null">
        support = #{record.support,jdbcType=INTEGER},
      </if>
      <if test="record.unlike != null">
        unlike = #{record.unlike,jdbcType=INTEGER},
      </if>
    </set>
    <if test="_parameter != null">
      <include refid="Update_By_Example_Where_Clause" />
    </if>
  </update>
  <update id="updateByExample" parameterType="map">
    update dynamic_state
    set stateid = #{record.stateid,jdbcType=VARCHAR},
      dynamicid = #{record.dynamicid,jdbcType=VARCHAR},
      accountid = #{record.accountid,jdbcType=VARCHAR},
      dynamic_type = #{record.dynamicType,jdbcType=INTEGER},
      support = #{record.support,jdbcType=INTEGER},
      unlike = #{record.unlike,jdbcType=INTEGER}
    <if test="_parameter != null">
      <include refid="Update_By_Example_Where_Clause" />
    </if>
  </update>
  <update id="updateByPrimaryKeySelective" parameterType="cn.tt.bean.DynamicState">
    update dynamic_state
    <set>
      <if test="dynamicid != null">
        dynamicid = #{dynamicid,jdbcType=VARCHAR},
      </if>
      <if test="accountid != null">
        accountid = #{accountid,jdbcType=VARCHAR},
      </if>
      <if test="dynamicType != null">
        dynamic_type = #{dynamicType,jdbcType=INTEGER},
      </if>
      <if test="support != null">
        support = #{support,jdbcType=INTEGER},
      </if>
      <if test="unlike != null">
        unlike = #{unlike,jdbcType=INTEGER},
      </if>
    </set>
    where stateid = #{stateid,jdbcType=VARCHAR}
  </update>
  <update id="updateByPrimaryKey" parameterType="cn.tt.bean.DynamicState">
    update dynamic_state
    set dynamicid = #{dynamicid,jdbcType=VARCHAR},
      accountid = #{accountid,jdbcType=VARCHAR},
      dynamic_type = #{dynamicType,jdbcType=INTEGER},
      support = #{support,jdbcType=INTEGER},
      unlike = #{unlike,jdbcType=INTEGER}
    where stateid = #{stateid,jdbcType=VARCHAR}
  </update>
  <select id="selectSupportByUser" resultType="java.lang.Integer">
    select support from dynamic_state where 
    dynamicid = #{dynamicid,jdbcType=VARCHAR} and 
    accountid = #{accountid,jdbcType=VARCHAR} and
    support = 1;
  </select>
  <select id="selectUnlikeByUser" resultType="java.lang.Integer">
    select unlike from dynamic_state where 
    dynamicid = #{dynamicid,jdbcType=VARCHAR} and 
    accountid = #{accountid,jdbcType=VARCHAR} and
  	unlike = 1;
  </select>
  <select id="selectStateByUser" resultType="java.lang.Integer">
    select count(*) from dynamic_state where 
    dynamicid = #{dynamicid,jdbcType=VARCHAR} and 
    accountid = #{accountid,jdbcType=VARCHAR};
  </select>
</mapper>