<?xml version="1.0" encoding="UTF-8"?>
<!DOCTYPE mapper PUBLIC "-//mybatis.org//DTD Mapper 3.0//EN" "http://mybatis.org/dtd/mybatis-3-mapper.dtd">
<mapper namespace="cn.tt.dao.FileTradeMapper">
  <resultMap id="BaseResultMap" type="cn.tt.bean.FileTrade">
    <id column="tradeid" jdbcType="VARCHAR" property="tradeid" />
    <result column="accountid" jdbcType="VARCHAR" property="accountid" />
    <result column="acceptside" jdbcType="VARCHAR" property="acceptside" />
    <result column="fileid" jdbcType="VARCHAR" property="fileid" />
    <result column="file_type" jdbcType="INTEGER" property="fileType" />
    <result column="status" jdbcType="INTEGER" property="status" />
    <result column="start_time" jdbcType="VARCHAR" property="startTime" />
    <result column="end_time" jdbcType="VARCHAR" property="endTime" />
    <result column="charge" jdbcType="DOUBLE" property="charge" />
  </resultMap>
  <sql id="Example_Where_Clause">
    <where>
      <foreach collection="oredCriteria" item="criteria" separator="or">
        <if test="criteria.valid">
          <trim prefix="(" prefixOverrides="and" suffix=")">
            <foreach collection="criteria.criteria" item="criterion">
              <choose>
                <when test="criterion.noValue">
                  and ${criterion.condition}
                </when>
                <when test="criterion.singleValue">
                  and ${criterion.condition} #{criterion.value}
                </when>
                <when test="criterion.betweenValue">
                  and ${criterion.condition} #{criterion.value} and #{criterion.secondValue}
                </when>
                <when test="criterion.listValue">
                  and ${criterion.condition}
                  <foreach close=")" collection="criterion.value" item="listItem" open="(" separator=",">
                    #{listItem}
                  </foreach>
                </when>
              </choose>
            </foreach>
          </trim>
        </if>
      </foreach>
    </where>
  </sql>
  <sql id="Update_By_Example_Where_Clause">
    <where>
      <foreach collection="example.oredCriteria" item="criteria" separator="or">
        <if test="criteria.valid">
          <trim prefix="(" prefixOverrides="and" suffix=")">
            <foreach collection="criteria.criteria" item="criterion">
              <choose>
                <when test="criterion.noValue">
                  and ${criterion.condition}
                </when>
                <when test="criterion.singleValue">
                  and ${criterion.condition} #{criterion.value}
                </when>
                <when test="criterion.betweenValue">
                  and ${criterion.condition} #{criterion.value} and #{criterion.secondValue}
                </when>
                <when test="criterion.listValue">
                  and ${criterion.condition}
                  <foreach close=")" collection="criterion.value" item="listItem" open="(" separator=",">
                    #{listItem}
                  </foreach>
                </when>
              </choose>
            </foreach>
          </trim>
        </if>
      </foreach>
    </where>
  </sql>
  <sql id="Base_Column_List">
    tradeid, accountid, acceptside, fileid, file_type, status, start_time, end_time, 
    charge
  </sql>
  <select id="selectByExample" parameterType="cn.tt.bean.FileTradeExample" resultMap="BaseResultMap">
    select
    <if test="distinct">
      distinct
    </if>
    <include refid="Base_Column_List" />
    from file_trade
    <if test="_parameter != null">
      <include refid="Example_Where_Clause" />
    </if>
    <if test="orderByClause != null">
      order by ${orderByClause}
    </if>
  </select>
  <select id="selectByPrimaryKey" parameterType="java.lang.String" resultMap="BaseResultMap">
    select 
    <include refid="Base_Column_List" />
    from file_trade
    where tradeid = #{tradeid,jdbcType=VARCHAR}
  </select>
  <delete id="deleteByPrimaryKey" parameterType="java.lang.String">
    delete from file_trade
    where tradeid = #{tradeid,jdbcType=VARCHAR}
  </delete>
  <delete id="deleteByExample" parameterType="cn.tt.bean.FileTradeExample">
    delete from file_trade
    <if test="_parameter != null">
      <include refid="Example_Where_Clause" />
    </if>
  </delete>
  <insert id="insert" parameterType="cn.tt.bean.FileTrade">
    insert into file_trade (tradeid, accountid, acceptside, 
      fileid, file_type, status, 
      start_time, end_time, charge
      )
    values (#{tradeid,jdbcType=VARCHAR}, #{accountid,jdbcType=VARCHAR}, #{acceptside,jdbcType=VARCHAR}, 
      #{fileid,jdbcType=VARCHAR}, #{fileType,jdbcType=INTEGER}, #{status,jdbcType=INTEGER}, 
      #{startTime,jdbcType=VARCHAR}, #{endTime,jdbcType=VARCHAR}, #{charge,jdbcType=DOUBLE}
      )
  </insert>
  <insert id="insertSelective" parameterType="cn.tt.bean.FileTrade">
    insert into file_trade
    <trim prefix="(" suffix=")" suffixOverrides=",">
      <if test="tradeid != null">
        tradeid,
      </if>
      <if test="accountid != null">
        accountid,
      </if>
      <if test="acceptside != null">
        acceptside,
      </if>
      <if test="fileid != null">
        fileid,
      </if>
      <if test="fileType != null">
        file_type,
      </if>
      <if test="status != null">
        status,
      </if>
      <if test="startTime != null">
        start_time,
      </if>
      <if test="endTime != null">
        end_time,
      </if>
      <if test="charge != null">
        charge,
      </if>
    </trim>
    <trim prefix="values (" suffix=")" suffixOverrides=",">
      <if test="tradeid != null">
        #{tradeid,jdbcType=VARCHAR},
      </if>
      <if test="accountid != null">
        #{accountid,jdbcType=VARCHAR},
      </if>
      <if test="acceptside != null">
        #{acceptside,jdbcType=VARCHAR},
      </if>
      <if test="fileid != null">
        #{fileid,jdbcType=VARCHAR},
      </if>
      <if test="fileType != null">
        #{fileType,jdbcType=INTEGER},
      </if>
      <if test="status != null">
        #{status,jdbcType=INTEGER},
      </if>
      <if test="startTime != null">
        #{startTime,jdbcType=VARCHAR},
      </if>
      <if test="endTime != null">
        #{endTime,jdbcType=VARCHAR},
      </if>
      <if test="charge != null">
        #{charge,jdbcType=DOUBLE},
      </if>
    </trim>
  </insert>
  <select id="countByExample" parameterType="cn.tt.bean.FileTradeExample" resultType="java.lang.Long">
    select count(*) from file_trade
    <if test="_parameter != null">
      <include refid="Example_Where_Clause" />
    </if>
  </select>
  <update id="updateByExampleSelective" parameterType="map">
    update file_trade
    <set>
      <if test="record.tradeid != null">
        tradeid = #{record.tradeid,jdbcType=VARCHAR},
      </if>
      <if test="record.accountid != null">
        accountid = #{record.accountid,jdbcType=VARCHAR},
      </if>
      <if test="record.acceptside != null">
        acceptside = #{record.acceptside,jdbcType=VARCHAR},
      </if>
      <if test="record.fileid != null">
        fileid = #{record.fileid,jdbcType=VARCHAR},
      </if>
      <if test="record.fileType != null">
        file_type = #{record.fileType,jdbcType=INTEGER},
      </if>
      <if test="record.status != null">
        status = #{record.status,jdbcType=INTEGER},
      </if>
      <if test="record.startTime != null">
        start_time = #{record.startTime,jdbcType=VARCHAR},
      </if>
      <if test="record.endTime != null">
        end_time = #{record.endTime,jdbcType=VARCHAR},
      </if>
      <if test="record.charge != null">
        charge = #{record.charge,jdbcType=DOUBLE},
      </if>
    </set>
    <if test="_parameter != null">
      <include refid="Update_By_Example_Where_Clause" />
    </if>
  </update>
  <update id="updateByExample" parameterType="map">
    update file_trade
    set tradeid = #{record.tradeid,jdbcType=VARCHAR},
      accountid = #{record.accountid,jdbcType=VARCHAR},
      acceptside = #{record.acceptside,jdbcType=VARCHAR},
      fileid = #{record.fileid,jdbcType=VARCHAR},
      file_type = #{record.fileType,jdbcType=INTEGER},
      status = #{record.status,jdbcType=INTEGER},
      start_time = #{record.startTime,jdbcType=VARCHAR},
      end_time = #{record.endTime,jdbcType=VARCHAR},
      charge = #{record.charge,jdbcType=DOUBLE}
    <if test="_parameter != null">
      <include refid="Update_By_Example_Where_Clause" />
    </if>
  </update>
  <update id="updateByPrimaryKeySelective" parameterType="cn.tt.bean.FileTrade">
    update file_trade
    <set>
      <if test="accountid != null">
        accountid = #{accountid,jdbcType=VARCHAR},
      </if>
      <if test="acceptside != null">
        acceptside = #{acceptside,jdbcType=VARCHAR},
      </if>
      <if test="fileid != null">
        fileid = #{fileid,jdbcType=VARCHAR},
      </if>
      <if test="fileType != null">
        file_type = #{fileType,jdbcType=INTEGER},
      </if>
      <if test="status != null">
        status = #{status,jdbcType=INTEGER},
      </if>
      <if test="startTime != null">
        start_time = #{startTime,jdbcType=VARCHAR},
      </if>
      <if test="endTime != null">
        end_time = #{endTime,jdbcType=VARCHAR},
      </if>
      <if test="charge != null">
        charge = #{charge,jdbcType=DOUBLE},
      </if>
    </set>
    where tradeid = #{tradeid,jdbcType=VARCHAR}
  </update>
  <update id="updateByPrimaryKey" parameterType="cn.tt.bean.FileTrade">
    update file_trade
    set accountid = #{accountid,jdbcType=VARCHAR},
      acceptside = #{acceptside,jdbcType=VARCHAR},
      fileid = #{fileid,jdbcType=VARCHAR},
      file_type = #{fileType,jdbcType=INTEGER},
      status = #{status,jdbcType=INTEGER},
      start_time = #{startTime,jdbcType=VARCHAR},
      end_time = #{endTime,jdbcType=VARCHAR},
      charge = #{charge,jdbcType=DOUBLE}
    where tradeid = #{tradeid,jdbcType=VARCHAR}
  </update>
   	<select id="selectUniqueTrade" resultMap="BaseResultMap" parameterType="cn.tt.bean.FileTrade">
		select * from file_trade where accountid = #{accountid,jdbcType=VARCHAR} and acceptside = #{acceptside,jdbcType=VARCHAR} and fileid= #{fileid,jdbcType=VARCHAR};
	</select>
   	<select id="selectAlbumTrade" resultMap="BaseResultMap" parameterType="cn.tt.bean.FileTrade">
   		select * from file_trade where 
   		accountid = #{accountid,jdbcType=VARCHAR} and
   		acceptside = #{acceptside,jdbcType=VARCHAR} and  
   		fileid = (select albumid from album where album.account_id=#{acceptside,jdbcType=VARCHAR} and album.level=3);
	</select>
	
</mapper>