<?xml version="1.0" encoding="UTF-8"?>
<!DOCTYPE mapper PUBLIC "-//mybatis.org//DTD Mapper 3.0//EN" "http://mybatis.org/dtd/mybatis-3-mapper.dtd">
<mapper namespace="cn.tt.dao.FriendsMapper">
  <resultMap id="BaseResultMap" type="cn.tt.bean.Friends">
    <id column="accountid" jdbcType="VARCHAR" property="accountid" />
    <id column="friendid" jdbcType="VARCHAR" property="friendid" />
    <result column="frienditem" jdbcType="INTEGER" property="frienditem" />
    <result column="type" jdbcType="INTEGER" property="type" />
  </resultMap>
  <sql id="Example_Where_Clause">
    <where>
      <foreach collection="oredCriteria" item="criteria" separator="or">
        <if test="criteria.valid">
          <trim prefix="(" prefixOverrides="and" suffix=")">
            <foreach collection="criteria.criteria" item="criterion">
              <choose>
                <when test="criterion.noValue">
                  and ${criterion.condition}
                </when>
                <when test="criterion.singleValue">
                  and ${criterion.condition} #{criterion.value}
                </when>
                <when test="criterion.betweenValue">
                  and ${criterion.condition} #{criterion.value} and #{criterion.secondValue}
                </when>
                <when test="criterion.listValue">
                  and ${criterion.condition}
                  <foreach close=")" collection="criterion.value" item="listItem" open="(" separator=",">
                    #{listItem}
                  </foreach>
                </when>
              </choose>
            </foreach>
          </trim>
        </if>
      </foreach>
    </where>
  </sql>
  <sql id="Update_By_Example_Where_Clause">
    <where>
      <foreach collection="example.oredCriteria" item="criteria" separator="or">
        <if test="criteria.valid">
          <trim prefix="(" prefixOverrides="and" suffix=")">
            <foreach collection="criteria.criteria" item="criterion">
              <choose>
                <when test="criterion.noValue">
                  and ${criterion.condition}
                </when>
                <when test="criterion.singleValue">
                  and ${criterion.condition} #{criterion.value}
                </when>
                <when test="criterion.betweenValue">
                  and ${criterion.condition} #{criterion.value} and #{criterion.secondValue}
                </when>
                <when test="criterion.listValue">
                  and ${criterion.condition}
                  <foreach close=")" collection="criterion.value" item="listItem" open="(" separator=",">
                    #{listItem}
                  </foreach>
                </when>
              </choose>
            </foreach>
          </trim>
        </if>
      </foreach>
    </where>
  </sql>
  <sql id="Base_Column_List">
    accountid, friendid, frienditem, type
  </sql>
  <select id="selectByExample" parameterType="cn.tt.bean.FriendsExample" resultMap="BaseResultMap">
    select
    <if test="distinct">
      distinct
    </if>
    <include refid="Base_Column_List" />
    from friends
    <if test="_parameter != null">
      <include refid="Example_Where_Clause" />
    </if>
    <if test="orderByClause != null">
      order by ${orderByClause}
    </if>
  </select>
  <select id="selectByPrimaryKey" parameterType="cn.tt.bean.FriendsKey" resultMap="BaseResultMap">
    select 
    <include refid="Base_Column_List" />
    from friends
    where accountid = #{accountid,jdbcType=VARCHAR}
      and friendid = #{friendid,jdbcType=VARCHAR}
  </select>
  <delete id="deleteByPrimaryKey" parameterType="cn.tt.bean.FriendsKey">
    delete from friends
    where accountid = #{accountid,jdbcType=VARCHAR}
      and friendid = #{friendid,jdbcType=VARCHAR}
  </delete>
  <delete id="deleteByExample" parameterType="cn.tt.bean.FriendsExample">
    delete from friends
    <if test="_parameter != null">
      <include refid="Example_Where_Clause" />
    </if>
  </delete>
  <insert id="insert" parameterType="cn.tt.bean.Friends">
    insert into friends (accountid, friendid, frienditem, 
      type)
    values (#{accountid,jdbcType=VARCHAR}, #{friendid,jdbcType=VARCHAR}, #{frienditem,jdbcType=INTEGER}, 
      #{type,jdbcType=INTEGER})
  </insert>
  <insert id="insertSelective" parameterType="cn.tt.bean.Friends">
    insert into friends
    <trim prefix="(" suffix=")" suffixOverrides=",">
      <if test="accountid != null">
        accountid,
      </if>
      <if test="friendid != null">
        friendid,
      </if>
      <if test="frienditem != null">
        frienditem,
      </if>
      <if test="type != null">
        type,
      </if>
    </trim>
    <trim prefix="values (" suffix=")" suffixOverrides=",">
      <if test="accountid != null">
        #{accountid,jdbcType=VARCHAR},
      </if>
      <if test="friendid != null">
        #{friendid,jdbcType=VARCHAR},
      </if>
      <if test="frienditem != null">
        #{frienditem,jdbcType=INTEGER},
      </if>
      <if test="type != null">
        #{type,jdbcType=INTEGER},
      </if>
    </trim>
  </insert>
  <select id="countByExample" parameterType="cn.tt.bean.FriendsExample" resultType="java.lang.Long">
    select count(*) from friends
    <if test="_parameter != null">
      <include refid="Example_Where_Clause" />
    </if>
  </select>
  <update id="updateByExampleSelective" parameterType="map">
    update friends
    <set>
      <if test="record.accountid != null">
        accountid = #{record.accountid,jdbcType=VARCHAR},
      </if>
      <if test="record.friendid != null">
        friendid = #{record.friendid,jdbcType=VARCHAR},
      </if>
      <if test="record.frienditem != null">
        frienditem = #{record.frienditem,jdbcType=INTEGER},
      </if>
      <if test="record.type != null">
        type = #{record.type,jdbcType=INTEGER},
      </if>
    </set>
    <if test="_parameter != null">
      <include refid="Update_By_Example_Where_Clause" />
    </if>
  </update>
  <update id="updateByExample" parameterType="map">
    update friends
    set accountid = #{record.accountid,jdbcType=VARCHAR},
      friendid = #{record.friendid,jdbcType=VARCHAR},
      frienditem = #{record.frienditem,jdbcType=INTEGER},
      type = #{record.type,jdbcType=INTEGER}
    <if test="_parameter != null">
      <include refid="Update_By_Example_Where_Clause" />
    </if>
  </update>
  <update id="updateByPrimaryKeySelective" parameterType="cn.tt.bean.Friends">
    update friends
    <set>
      <if test="frienditem != null">
        frienditem = #{frienditem,jdbcType=INTEGER},
      </if>
      <if test="type != null">
        type = #{type,jdbcType=INTEGER},
      </if>
    </set>
    where accountid = #{accountid,jdbcType=VARCHAR}
      and friendid = #{friendid,jdbcType=VARCHAR}
  </update>
  <update id="updateByPrimaryKey" parameterType="cn.tt.bean.Friends">
    update friends
    set frienditem = #{frienditem,jdbcType=INTEGER},
      type = #{type,jdbcType=INTEGER}
    where accountid = #{accountid,jdbcType=VARCHAR}
      and friendid = #{friendid,jdbcType=VARCHAR}
  </update>
</mapper>