<?xml version="1.0" encoding="UTF-8"?>
<!DOCTYPE mapper PUBLIC "-//mybatis.org//DTD Mapper 3.0//EN" "http://mybatis.org/dtd/mybatis-3-mapper.dtd">
<mapper namespace="cn.tt.dao.GiftMapper">
  <resultMap id="BaseResultMap" type="cn.tt.bean.Gift">
    <id column="g_id" jdbcType="INTEGER" property="gId" />
    <result column="g_category" jdbcType="INTEGER" property="gCategory" />
    <result column="g_name" jdbcType="VARCHAR" property="gName" />
    <result column="pictureurl" jdbcType="VARCHAR" property="pictureurl" />
    <result column="integral" jdbcType="INTEGER" property="integral" />
    <result column="sincererity" jdbcType="INTEGER" property="sincererity" />
  </resultMap>
  <sql id="Example_Where_Clause">
    <where>
      <foreach collection="oredCriteria" item="criteria" separator="or">
        <if test="criteria.valid">
          <trim prefix="(" prefixOverrides="and" suffix=")">
            <foreach collection="criteria.criteria" item="criterion">
              <choose>
                <when test="criterion.noValue">
                  and ${criterion.condition}
                </when>
                <when test="criterion.singleValue">
                  and ${criterion.condition} #{criterion.value}
                </when>
                <when test="criterion.betweenValue">
                  and ${criterion.condition} #{criterion.value} and #{criterion.secondValue}
                </when>
                <when test="criterion.listValue">
                  and ${criterion.condition}
                  <foreach close=")" collection="criterion.value" item="listItem" open="(" separator=",">
                    #{listItem}
                  </foreach>
                </when>
              </choose>
            </foreach>
          </trim>
        </if>
      </foreach>
    </where>
  </sql>
  <sql id="Update_By_Example_Where_Clause">
    <where>
      <foreach collection="example.oredCriteria" item="criteria" separator="or">
        <if test="criteria.valid">
          <trim prefix="(" prefixOverrides="and" suffix=")">
            <foreach collection="criteria.criteria" item="criterion">
              <choose>
                <when test="criterion.noValue">
                  and ${criterion.condition}
                </when>
                <when test="criterion.singleValue">
                  and ${criterion.condition} #{criterion.value}
                </when>
                <when test="criterion.betweenValue">
                  and ${criterion.condition} #{criterion.value} and #{criterion.secondValue}
                </when>
                <when test="criterion.listValue">
                  and ${criterion.condition}
                  <foreach close=")" collection="criterion.value" item="listItem" open="(" separator=",">
                    #{listItem}
                  </foreach>
                </when>
              </choose>
            </foreach>
          </trim>
        </if>
      </foreach>
    </where>
  </sql>
  <sql id="Base_Column_List">
    g_id, g_category, g_name, pictureurl, integral, sincererity
  </sql>
  <select id="selectByExample" parameterType="cn.tt.bean.GiftExample" resultMap="BaseResultMap">
    select
    <if test="distinct">
      distinct
    </if>
    <include refid="Base_Column_List" />
    from gift
    <if test="_parameter != null">
      <include refid="Example_Where_Clause" />
    </if>
    <if test="orderByClause != null">
      order by ${orderByClause}
    </if>
  </select>
  <select id="selectByPrimaryKey" parameterType="java.lang.Integer" resultMap="BaseResultMap">
    select 
    <include refid="Base_Column_List" />
    from gift
    where g_id = #{gId,jdbcType=INTEGER}
  </select>
  <delete id="deleteByPrimaryKey" parameterType="java.lang.Integer">
    delete from gift
    where g_id = #{gId,jdbcType=INTEGER}
  </delete>
  <delete id="deleteByExample" parameterType="cn.tt.bean.GiftExample">
    delete from gift
    <if test="_parameter != null">
      <include refid="Example_Where_Clause" />
    </if>
  </delete>
  <insert id="insert" parameterType="cn.tt.bean.Gift">
    insert into gift (g_id, g_category, g_name, 
      pictureurl, integral, sincererity
      )
    values (#{gId,jdbcType=INTEGER}, #{gCategory,jdbcType=INTEGER}, #{gName,jdbcType=VARCHAR}, 
      #{pictureurl,jdbcType=VARCHAR}, #{integral,jdbcType=INTEGER}, #{sincererity,jdbcType=INTEGER}
      )
  </insert>
  <insert id="insertSelective" parameterType="cn.tt.bean.Gift">
    insert into gift
    <trim prefix="(" suffix=")" suffixOverrides=",">
      <if test="gId != null">
        g_id,
      </if>
      <if test="gCategory != null">
        g_category,
      </if>
      <if test="gName != null">
        g_name,
      </if>
      <if test="pictureurl != null">
        pictureurl,
      </if>
      <if test="integral != null">
        integral,
      </if>
      <if test="sincererity != null">
        sincererity,
      </if>
    </trim>
    <trim prefix="values (" suffix=")" suffixOverrides=",">
      <if test="gId != null">
        #{gId,jdbcType=INTEGER},
      </if>
      <if test="gCategory != null">
        #{gCategory,jdbcType=INTEGER},
      </if>
      <if test="gName != null">
        #{gName,jdbcType=VARCHAR},
      </if>
      <if test="pictureurl != null">
        #{pictureurl,jdbcType=VARCHAR},
      </if>
      <if test="integral != null">
        #{integral,jdbcType=INTEGER},
      </if>
      <if test="sincererity != null">
        #{sincererity,jdbcType=INTEGER},
      </if>
    </trim>
  </insert>
  <select id="countByExample" parameterType="cn.tt.bean.GiftExample" resultType="java.lang.Long">
    select count(*) from gift
    <if test="_parameter != null">
      <include refid="Example_Where_Clause" />
    </if>
  </select>
  <update id="updateByExampleSelective" parameterType="map">
    update gift
    <set>
      <if test="record.gId != null">
        g_id = #{record.gId,jdbcType=INTEGER},
      </if>
      <if test="record.gCategory != null">
        g_category = #{record.gCategory,jdbcType=INTEGER},
      </if>
      <if test="record.gName != null">
        g_name = #{record.gName,jdbcType=VARCHAR},
      </if>
      <if test="record.pictureurl != null">
        pictureurl = #{record.pictureurl,jdbcType=VARCHAR},
      </if>
      <if test="record.integral != null">
        integral = #{record.integral,jdbcType=INTEGER},
      </if>
      <if test="record.sincererity != null">
        sincererity = #{record.sincererity,jdbcType=INTEGER},
      </if>
    </set>
    <if test="_parameter != null">
      <include refid="Update_By_Example_Where_Clause" />
    </if>
  </update>
  <update id="updateByExample" parameterType="map">
    update gift
    set g_id = #{record.gId,jdbcType=INTEGER},
      g_category = #{record.gCategory,jdbcType=INTEGER},
      g_name = #{record.gName,jdbcType=VARCHAR},
      pictureurl = #{record.pictureurl,jdbcType=VARCHAR},
      integral = #{record.integral,jdbcType=INTEGER},
      sincererity = #{record.sincererity,jdbcType=INTEGER}
    <if test="_parameter != null">
      <include refid="Update_By_Example_Where_Clause" />
    </if>
  </update>
  <update id="updateByPrimaryKeySelective" parameterType="cn.tt.bean.Gift">
    update gift
    <set>
      <if test="gCategory != null">
        g_category = #{gCategory,jdbcType=INTEGER},
      </if>
      <if test="gName != null">
        g_name = #{gName,jdbcType=VARCHAR},
      </if>
      <if test="pictureurl != null">
        pictureurl = #{pictureurl,jdbcType=VARCHAR},
      </if>
      <if test="integral != null">
        integral = #{integral,jdbcType=INTEGER},
      </if>
      <if test="sincererity != null">
        sincererity = #{sincererity,jdbcType=INTEGER},
      </if>
    </set>
    where g_id = #{gId,jdbcType=INTEGER}
  </update>
  <update id="updateByPrimaryKey" parameterType="cn.tt.bean.Gift">
    update gift
    set g_category = #{gCategory,jdbcType=INTEGER},
      g_name = #{gName,jdbcType=VARCHAR},
      pictureurl = #{pictureurl,jdbcType=VARCHAR},
      integral = #{integral,jdbcType=INTEGER},
      sincererity = #{sincererity,jdbcType=INTEGER}
    where g_id = #{gId,jdbcType=INTEGER}
  </update>
</mapper>