<?xml version="1.0" encoding="UTF-8"?>
<!DOCTYPE mapper PUBLIC "-//mybatis.org//DTD Mapper 3.0//EN" "http://mybatis.org/dtd/mybatis-3-mapper.dtd">
<mapper namespace="cn.tt.dao.ImgInfoMapper">
  <resultMap id="BaseResultMap" type="cn.tt.bean.ImgInfo">
    <id column="imgid" jdbcType="VARCHAR" property="imgid" />
    <result column="albumid" jdbcType="VARCHAR" property="albumid" />
    <result column="filename" jdbcType="VARCHAR" property="filename" />
    <result column="imgurl" jdbcType="VARCHAR" property="imgurl" />
    <result column="upload_time" jdbcType="VARCHAR" property="uploadTime" />
  </resultMap>
  <sql id="Example_Where_Clause">
    <where>
      <foreach collection="oredCriteria" item="criteria" separator="or">
        <if test="criteria.valid">
          <trim prefix="(" prefixOverrides="and" suffix=")">
            <foreach collection="criteria.criteria" item="criterion">
              <choose>
                <when test="criterion.noValue">
                  and ${criterion.condition}
                </when>
                <when test="criterion.singleValue">
                  and ${criterion.condition} #{criterion.value}
                </when>
                <when test="criterion.betweenValue">
                  and ${criterion.condition} #{criterion.value} and #{criterion.secondValue}
                </when>
                <when test="criterion.listValue">
                  and ${criterion.condition}
                  <foreach close=")" collection="criterion.value" item="listItem" open="(" separator=",">
                    #{listItem}
                  </foreach>
                </when>
              </choose>
            </foreach>
          </trim>
        </if>
      </foreach>
    </where>
  </sql>
  <sql id="Update_By_Example_Where_Clause">
    <where>
      <foreach collection="example.oredCriteria" item="criteria" separator="or">
        <if test="criteria.valid">
          <trim prefix="(" prefixOverrides="and" suffix=")">
            <foreach collection="criteria.criteria" item="criterion">
              <choose>
                <when test="criterion.noValue">
                  and ${criterion.condition}
                </when>
                <when test="criterion.singleValue">
                  and ${criterion.condition} #{criterion.value}
                </when>
                <when test="criterion.betweenValue">
                  and ${criterion.condition} #{criterion.value} and #{criterion.secondValue}
                </when>
                <when test="criterion.listValue">
                  and ${criterion.condition}
                  <foreach close=")" collection="criterion.value" item="listItem" open="(" separator=",">
                    #{listItem}
                  </foreach>
                </when>
              </choose>
            </foreach>
          </trim>
        </if>
      </foreach>
    </where>
  </sql>
  <sql id="Base_Column_List">
    imgid, albumid, filename, imgurl, upload_time
  </sql>
  <select id="selectByExample" parameterType="cn.tt.bean.ImgInfoExample" resultMap="BaseResultMap">
    select
    <if test="distinct">
      distinct
    </if>
    <include refid="Base_Column_List" />
    from img_info
    <if test="_parameter != null">
      <include refid="Example_Where_Clause" />
    </if>
    <if test="orderByClause != null">
      order by ${orderByClause}
    </if>
  </select>
  <select id="selectByPrimaryKey" parameterType="java.lang.String" resultMap="BaseResultMap">
    select 
    <include refid="Base_Column_List" />
    from img_info
    where imgid = #{imgid,jdbcType=VARCHAR}
  </select>
  <delete id="deleteByPrimaryKey" parameterType="java.lang.String">
    delete from img_info
    where imgid = #{imgid,jdbcType=VARCHAR}
  </delete>
  <delete id="deleteByExample" parameterType="cn.tt.bean.ImgInfoExample">
    delete from img_info
    <if test="_parameter != null">
      <include refid="Example_Where_Clause" />
    </if>
  </delete>
  <insert id="insert" parameterType="cn.tt.bean.ImgInfo">
    insert into img_info (imgid, albumid, filename, 
      imgurl, upload_time)
    values (#{imgid,jdbcType=VARCHAR}, #{albumid,jdbcType=VARCHAR}, #{filename,jdbcType=VARCHAR}, 
      #{imgurl,jdbcType=VARCHAR}, #{uploadTime,jdbcType=VARCHAR})
  </insert>
  <insert id="insertSelective" parameterType="cn.tt.bean.ImgInfo">
    insert into img_info
    <trim prefix="(" suffix=")" suffixOverrides=",">
      <if test="imgid != null">
        imgid,
      </if>
      <if test="albumid != null">
        albumid,
      </if>
      <if test="filename != null">
        filename,
      </if>
      <if test="imgurl != null">
        imgurl,
      </if>
      <if test="uploadTime != null">
        upload_time,
      </if>
    </trim>
    <trim prefix="values (" suffix=")" suffixOverrides=",">
      <if test="imgid != null">
        #{imgid,jdbcType=VARCHAR},
      </if>
      <if test="albumid != null">
        #{albumid,jdbcType=VARCHAR},
      </if>
      <if test="filename != null">
        #{filename,jdbcType=VARCHAR},
      </if>
      <if test="imgurl != null">
        #{imgurl,jdbcType=VARCHAR},
      </if>
      <if test="uploadTime != null">
        #{uploadTime,jdbcType=VARCHAR},
      </if>
    </trim>
  </insert>
  <select id="countByExample" parameterType="cn.tt.bean.ImgInfoExample" resultType="java.lang.Long">
    select count(*) from img_info
    <if test="_parameter != null">
      <include refid="Example_Where_Clause" />
    </if>
  </select>
  <update id="updateByExampleSelective" parameterType="map">
    update img_info
    <set>
      <if test="record.imgid != null">
        imgid = #{record.imgid,jdbcType=VARCHAR},
      </if>
      <if test="record.albumid != null">
        albumid = #{record.albumid,jdbcType=VARCHAR},
      </if>
      <if test="record.filename != null">
        filename = #{record.filename,jdbcType=VARCHAR},
      </if>
      <if test="record.imgurl != null">
        imgurl = #{record.imgurl,jdbcType=VARCHAR},
      </if>
      <if test="record.uploadTime != null">
        upload_time = #{record.uploadTime,jdbcType=VARCHAR},
      </if>
    </set>
    <if test="_parameter != null">
      <include refid="Update_By_Example_Where_Clause" />
    </if>
  </update>
  <update id="updateByExample" parameterType="map">
    update img_info
    set imgid = #{record.imgid,jdbcType=VARCHAR},
      albumid = #{record.albumid,jdbcType=VARCHAR},
      filename = #{record.filename,jdbcType=VARCHAR},
      imgurl = #{record.imgurl,jdbcType=VARCHAR},
      upload_time = #{record.uploadTime,jdbcType=VARCHAR}
    <if test="_parameter != null">
      <include refid="Update_By_Example_Where_Clause" />
    </if>
  </update>
  <update id="updateByPrimaryKeySelective" parameterType="cn.tt.bean.ImgInfo">
    update img_info
    <set>
      <if test="albumid != null">
        albumid = #{albumid,jdbcType=VARCHAR},
      </if>
      <if test="filename != null">
        filename = #{filename,jdbcType=VARCHAR},
      </if>
      <if test="imgurl != null">
        imgurl = #{imgurl,jdbcType=VARCHAR},
      </if>
      <if test="uploadTime != null">
        upload_time = #{uploadTime,jdbcType=VARCHAR},
      </if>
    </set>
    where imgid = #{imgid,jdbcType=VARCHAR}
  </update>
  <update id="updateByPrimaryKey" parameterType="cn.tt.bean.ImgInfo">
    update img_info
    set albumid = #{albumid,jdbcType=VARCHAR},
      filename = #{filename,jdbcType=VARCHAR},
      imgurl = #{imgurl,jdbcType=VARCHAR},
      upload_time = #{uploadTime,jdbcType=VARCHAR}
    where imgid = #{imgid,jdbcType=VARCHAR}
  </update>
    <select id="selectImgsByAlbum" resultMap="BaseResultMap" parameterType="java.lang.String">
		select * from img_info where albumid = #{albumid,jdbcType=VARCHAR} order by upload_time desc;
	</select>
    <select id="selectFreeImgsByUser" resultType="java.lang.String">
    	select imgurl from img_info where albumid in (select albumid from album where account_id = #{accountid,jdbcType=VARCHAR} and level=0) 
    	limit #{offset,jdbcType=INTEGER},#{limit,jdbcType=INTEGER};
	</select>
    <select id="selectChargeImgsByUser" resultType="java.lang.String">
    	select imgurl from img_info where albumid in (select albumid from album where account_id = #{accountid,jdbcType=VARCHAR} and level=2) 
    	limit #{offset,jdbcType=INTEGER},#{limit,jdbcType=INTEGER};
	</select>
    <select id="selectVipfreeImgsByUser" resultType="java.lang.String">
    	select imgurl from img_info where albumid in (select albumid from album where account_id = #{accountid,jdbcType=VARCHAR} and level=3) 
    	limit #{offset,jdbcType=INTEGER},#{limit,jdbcType=INTEGER};
	</select>	
</mapper>