<?xml version="1.0" encoding="UTF-8"?>
<!DOCTYPE mapper PUBLIC "-//mybatis.org//DTD Mapper 3.0//EN" "http://mybatis.org/dtd/mybatis-3-mapper.dtd">
<mapper namespace="cn.tt.dao.InformationMapper">
  <resultMap id="BaseResultMap" type="cn.tt.bean.Information">
    <result column="actorid" jdbcType="VARCHAR" property="actorid" />
    <result column="toid" jdbcType="VARCHAR" property="toid" />
    <result column="type" jdbcType="INTEGER" property="type" />
    <result column="releasedate" jdbcType="TIMESTAMP" property="releasedate" />
  </resultMap>
  <sql id="Example_Where_Clause">
    <where>
      <foreach collection="oredCriteria" item="criteria" separator="or">
        <if test="criteria.valid">
          <trim prefix="(" prefixOverrides="and" suffix=")">
            <foreach collection="criteria.criteria" item="criterion">
              <choose>
                <when test="criterion.noValue">
                  and ${criterion.condition}
                </when>
                <when test="criterion.singleValue">
                  and ${criterion.condition} #{criterion.value}
                </when>
                <when test="criterion.betweenValue">
                  and ${criterion.condition} #{criterion.value} and #{criterion.secondValue}
                </when>
                <when test="criterion.listValue">
                  and ${criterion.condition}
                  <foreach close=")" collection="criterion.value" item="listItem" open="(" separator=",">
                    #{listItem}
                  </foreach>
                </when>
              </choose>
            </foreach>
          </trim>
        </if>
      </foreach>
    </where>
  </sql>
  <sql id="Update_By_Example_Where_Clause">
    <where>
      <foreach collection="example.oredCriteria" item="criteria" separator="or">
        <if test="criteria.valid">
          <trim prefix="(" prefixOverrides="and" suffix=")">
            <foreach collection="criteria.criteria" item="criterion">
              <choose>
                <when test="criterion.noValue">
                  and ${criterion.condition}
                </when>
                <when test="criterion.singleValue">
                  and ${criterion.condition} #{criterion.value}
                </when>
                <when test="criterion.betweenValue">
                  and ${criterion.condition} #{criterion.value} and #{criterion.secondValue}
                </when>
                <when test="criterion.listValue">
                  and ${criterion.condition}
                  <foreach close=")" collection="criterion.value" item="listItem" open="(" separator=",">
                    #{listItem}
                  </foreach>
                </when>
              </choose>
            </foreach>
          </trim>
        </if>
      </foreach>
    </where>
  </sql>
  <sql id="Base_Column_List">
    actorid, toid, type, releasedate
  </sql>
  <select id="selectByExample" parameterType="cn.tt.bean.InformationExample" resultMap="BaseResultMap">
    select
    <if test="distinct">
      distinct
    </if>
    <include refid="Base_Column_List" />
    from information
    <if test="_parameter != null">
      <include refid="Example_Where_Clause" />
    </if>
    <if test="orderByClause != null">
      order by ${orderByClause}
    </if>
  </select>
  <delete id="deleteByExample" parameterType="cn.tt.bean.InformationExample">
    delete from information
    <if test="_parameter != null">
      <include refid="Example_Where_Clause" />
    </if>
  </delete>
  <insert id="insert" parameterType="cn.tt.bean.Information">
    insert into information (actorid, toid, type, 
      releasedate)
    values (#{actorid,jdbcType=VARCHAR}, #{toid,jdbcType=VARCHAR}, #{type,jdbcType=INTEGER}, 
      #{releasedate,jdbcType=TIMESTAMP})
  </insert>
  <insert id="insertSelective" parameterType="cn.tt.bean.Information">
    insert into information
    <trim prefix="(" suffix=")" suffixOverrides=",">
      <if test="actorid != null">
        actorid,
      </if>
      <if test="toid != null">
        toid,
      </if>
      <if test="type != null">
        type,
      </if>
      <if test="releasedate != null">
        releasedate,
      </if>
    </trim>
    <trim prefix="values (" suffix=")" suffixOverrides=",">
      <if test="actorid != null">
        #{actorid,jdbcType=VARCHAR},
      </if>
      <if test="toid != null">
        #{toid,jdbcType=VARCHAR},
      </if>
      <if test="type != null">
        #{type,jdbcType=INTEGER},
      </if>
      <if test="releasedate != null">
        #{releasedate,jdbcType=TIMESTAMP},
      </if>
    </trim>
  </insert>
  <select id="countByExample" parameterType="cn.tt.bean.InformationExample" resultType="java.lang.Long">
    select count(*) from information
    <if test="_parameter != null">
      <include refid="Example_Where_Clause" />
    </if>
  </select>
  <update id="updateByExampleSelective" parameterType="map">
    update information
    <set>
      <if test="record.actorid != null">
        actorid = #{record.actorid,jdbcType=VARCHAR},
      </if>
      <if test="record.toid != null">
        toid = #{record.toid,jdbcType=VARCHAR},
      </if>
      <if test="record.type != null">
        type = #{record.type,jdbcType=INTEGER},
      </if>
      <if test="record.releasedate != null">
        releasedate = #{record.releasedate,jdbcType=TIMESTAMP},
      </if>
    </set>
    <if test="_parameter != null">
      <include refid="Update_By_Example_Where_Clause" />
    </if>
  </update>
  <update id="updateByExample" parameterType="map">
    update information
    set actorid = #{record.actorid,jdbcType=VARCHAR},
      toid = #{record.toid,jdbcType=VARCHAR},
      type = #{record.type,jdbcType=INTEGER},
      releasedate = #{record.releasedate,jdbcType=TIMESTAMP}
    <if test="_parameter != null">
      <include refid="Update_By_Example_Where_Clause" />
    </if>
  </update>
</mapper>