<?xml version="1.0" encoding="UTF-8"?>
<!DOCTYPE mapper PUBLIC "-//mybatis.org//DTD Mapper 3.0//EN" "http://mybatis.org/dtd/mybatis-3-mapper.dtd">
<mapper namespace="cn.tt.dao.PublishdateMapper">
  <resultMap id="BaseResultMap" type="cn.tt.bean.Publishdate">
    <id column="d_id" jdbcType="INTEGER" property="dId" />
    <result column="invite_id" jdbcType="VARCHAR" property="inviteId" />
    <result column="receive_Id" jdbcType="VARCHAR" property="receiveId" />
    <result column="theme" jdbcType="VARCHAR" property="theme" />
    <result column="gift" jdbcType="INTEGER" property="gift" />
    <result column="time" jdbcType="TIMESTAMP" property="time" />
    <result column="datefortime" jdbcType="TIMESTAMP" property="datefortime" />
    <result column="location" jdbcType="VARCHAR" property="location" />
    <result column="integral" jdbcType="INTEGER" property="integral" />
    <result column="sincirity" jdbcType="INTEGER" property="sincirity" />
    <result column="maintext" jdbcType="VARCHAR" property="maintext" />
    <result column="mainpicture" jdbcType="VARCHAR" property="mainpicture" />
    <result column="sex" jdbcType="VARCHAR" property="sex" />
  </resultMap>
  <sql id="Example_Where_Clause">
    <where>
      <foreach collection="oredCriteria" item="criteria" separator="or">
        <if test="criteria.valid">
          <trim prefix="(" prefixOverrides="and" suffix=")">
            <foreach collection="criteria.criteria" item="criterion">
              <choose>
                <when test="criterion.noValue">
                  and ${criterion.condition}
                </when>
                <when test="criterion.singleValue">
                  and ${criterion.condition} #{criterion.value}
                </when>
                <when test="criterion.betweenValue">
                  and ${criterion.condition} #{criterion.value} and #{criterion.secondValue}
                </when>
                <when test="criterion.listValue">
                  and ${criterion.condition}
                  <foreach close=")" collection="criterion.value" item="listItem" open="(" separator=",">
                    #{listItem}
                  </foreach>
                </when>
              </choose>
            </foreach>
          </trim>
        </if>
      </foreach>
    </where>
  </sql>
  <sql id="Update_By_Example_Where_Clause">
    <where>
      <foreach collection="example.oredCriteria" item="criteria" separator="or">
        <if test="criteria.valid">
          <trim prefix="(" prefixOverrides="and" suffix=")">
            <foreach collection="criteria.criteria" item="criterion">
              <choose>
                <when test="criterion.noValue">
                  and ${criterion.condition}
                </when>
                <when test="criterion.singleValue">
                  and ${criterion.condition} #{criterion.value}
                </when>
                <when test="criterion.betweenValue">
                  and ${criterion.condition} #{criterion.value} and #{criterion.secondValue}
                </when>
                <when test="criterion.listValue">
                  and ${criterion.condition}
                  <foreach close=")" collection="criterion.value" item="listItem" open="(" separator=",">
                    #{listItem}
                  </foreach>
                </when>
              </choose>
            </foreach>
          </trim>
        </if>
      </foreach>
    </where>
  </sql>
  <sql id="Base_Column_List">
    d_id, invite_id, receive_Id, theme, gift, time, datefortime, location, integral, 
    sincirity, maintext, mainpicture, sex
  </sql>
  <select id="selectByExample" parameterType="cn.tt.bean.PublishdateExample" resultMap="BaseResultMap">
    select
    <if test="distinct">
      distinct
    </if>
    <include refid="Base_Column_List" />
    from date
    <if test="_parameter != null">
      <include refid="Example_Where_Clause" />
    </if>
    <if test="orderByClause != null">
      order by ${orderByClause}
    </if>
  </select>
  <select id="selectByPrimaryKey" parameterType="java.lang.Integer" resultMap="BaseResultMap">
    select 
    <include refid="Base_Column_List" />
    from date
    where d_id = #{dId,jdbcType=INTEGER}
  </select>
  <delete id="deleteByPrimaryKey" parameterType="java.lang.Integer">
    delete from date
    where d_id = #{dId,jdbcType=INTEGER}
  </delete>
  <delete id="deleteByExample" parameterType="cn.tt.bean.PublishdateExample">
    delete from date
    <if test="_parameter != null">
      <include refid="Example_Where_Clause" />
    </if>
  </delete>
  <insert id="insert" parameterType="cn.tt.bean.Publishdate">
    insert into date (d_id, invite_id, receive_Id, 
      theme, gift, time, 
      datefortime, location, integral, 
      sincirity, maintext, mainpicture, 
      sex)
    values (#{dId,jdbcType=INTEGER}, #{inviteId,jdbcType=VARCHAR}, #{receiveId,jdbcType=VARCHAR}, 
      #{theme,jdbcType=VARCHAR}, #{gift,jdbcType=INTEGER}, #{time,jdbcType=TIMESTAMP}, 
      #{datefortime,jdbcType=TIMESTAMP}, #{location,jdbcType=VARCHAR}, #{integral,jdbcType=INTEGER}, 
      #{sincirity,jdbcType=INTEGER}, #{maintext,jdbcType=VARCHAR}, #{mainpicture,jdbcType=VARCHAR}, 
      #{sex,jdbcType=VARCHAR})
  </insert>
  <insert id="insertSelective" parameterType="cn.tt.bean.Publishdate">
    insert into date
    <trim prefix="(" suffix=")" suffixOverrides=",">
      <if test="dId != null">
        d_id,
      </if>
      <if test="inviteId != null">
        invite_id,
      </if>
      <if test="receiveId != null">
        receive_Id,
      </if>
      <if test="theme != null">
        theme,
      </if>
      <if test="gift != null">
        gift,
      </if>
      <if test="time != null">
        time,
      </if>
      <if test="datefortime != null">
        datefortime,
      </if>
      <if test="location != null">
        location,
      </if>
      <if test="integral != null">
        integral,
      </if>
      <if test="sincirity != null">
        sincirity,
      </if>
      <if test="maintext != null">
        maintext,
      </if>
      <if test="mainpicture != null">
        mainpicture,
      </if>
      <if test="sex != null">
        sex,
      </if>
    </trim>
    <trim prefix="values (" suffix=")" suffixOverrides=",">
      <if test="dId != null">
        #{dId,jdbcType=INTEGER},
      </if>
      <if test="inviteId != null">
        #{inviteId,jdbcType=VARCHAR},
      </if>
      <if test="receiveId != null">
        #{receiveId,jdbcType=VARCHAR},
      </if>
      <if test="theme != null">
        #{theme,jdbcType=VARCHAR},
      </if>
      <if test="gift != null">
        #{gift,jdbcType=INTEGER},
      </if>
      <if test="time != null">
        #{time,jdbcType=TIMESTAMP},
      </if>
      <if test="datefortime != null">
        #{datefortime,jdbcType=TIMESTAMP},
      </if>
      <if test="location != null">
        #{location,jdbcType=VARCHAR},
      </if>
      <if test="integral != null">
        #{integral,jdbcType=INTEGER},
      </if>
      <if test="sincirity != null">
        #{sincirity,jdbcType=INTEGER},
      </if>
      <if test="maintext != null">
        #{maintext,jdbcType=VARCHAR},
      </if>
      <if test="mainpicture != null">
        #{mainpicture,jdbcType=VARCHAR},
      </if>
      <if test="sex != null">
        #{sex,jdbcType=VARCHAR},
      </if>
    </trim>
  </insert>
  <select id="countByExample" parameterType="cn.tt.bean.PublishdateExample" resultType="java.lang.Long">
    select count(*) from date
    <if test="_parameter != null">
      <include refid="Example_Where_Clause" />
    </if>
  </select>
  <update id="updateByExampleSelective" parameterType="map">
    update date
    <set>
      <if test="record.dId != null">
        d_id = #{record.dId,jdbcType=INTEGER},
      </if>
      <if test="record.inviteId != null">
        invite_id = #{record.inviteId,jdbcType=VARCHAR},
      </if>
      <if test="record.receiveId != null">
        receive_Id = #{record.receiveId,jdbcType=VARCHAR},
      </if>
      <if test="record.theme != null">
        theme = #{record.theme,jdbcType=VARCHAR},
      </if>
      <if test="record.gift != null">
        gift = #{record.gift,jdbcType=INTEGER},
      </if>
      <if test="record.time != null">
        time = #{record.time,jdbcType=TIMESTAMP},
      </if>
      <if test="record.datefortime != null">
        datefortime = #{record.datefortime,jdbcType=TIMESTAMP},
      </if>
      <if test="record.location != null">
        location = #{record.location,jdbcType=VARCHAR},
      </if>
      <if test="record.integral != null">
        integral = #{record.integral,jdbcType=INTEGER},
      </if>
      <if test="record.sincirity != null">
        sincirity = #{record.sincirity,jdbcType=INTEGER},
      </if>
      <if test="record.maintext != null">
        maintext = #{record.maintext,jdbcType=VARCHAR},
      </if>
      <if test="record.mainpicture != null">
        mainpicture = #{record.mainpicture,jdbcType=VARCHAR},
      </if>
      <if test="record.sex != null">
        sex = #{record.sex,jdbcType=VARCHAR},
      </if>
    </set>
    <if test="_parameter != null">
      <include refid="Update_By_Example_Where_Clause" />
    </if>
  </update>
  <update id="updateByExample" parameterType="map">
    update date
    set d_id = #{record.dId,jdbcType=INTEGER},
      invite_id = #{record.inviteId,jdbcType=VARCHAR},
      receive_Id = #{record.receiveId,jdbcType=VARCHAR},
      theme = #{record.theme,jdbcType=VARCHAR},
      gift = #{record.gift,jdbcType=INTEGER},
      time = #{record.time,jdbcType=TIMESTAMP},
      datefortime = #{record.datefortime,jdbcType=TIMESTAMP},
      location = #{record.location,jdbcType=VARCHAR},
      integral = #{record.integral,jdbcType=INTEGER},
      sincirity = #{record.sincirity,jdbcType=INTEGER},
      maintext = #{record.maintext,jdbcType=VARCHAR},
      mainpicture = #{record.mainpicture,jdbcType=VARCHAR},
      sex = #{record.sex,jdbcType=VARCHAR}
    <if test="_parameter != null">
      <include refid="Update_By_Example_Where_Clause" />
    </if>
  </update>
  <update id="updateByPrimaryKeySelective" parameterType="cn.tt.bean.Publishdate">
    update date
    <set>
      <if test="inviteId != null">
        invite_id = #{inviteId,jdbcType=VARCHAR},
      </if>
      <if test="receiveId != null">
        receive_Id = #{receiveId,jdbcType=VARCHAR},
      </if>
      <if test="theme != null">
        theme = #{theme,jdbcType=VARCHAR},
      </if>
      <if test="gift != null">
        gift = #{gift,jdbcType=INTEGER},
      </if>
      <if test="time != null">
        time = #{time,jdbcType=TIMESTAMP},
      </if>
      <if test="datefortime != null">
        datefortime = #{datefortime,jdbcType=TIMESTAMP},
      </if>
      <if test="location != null">
        location = #{location,jdbcType=VARCHAR},
      </if>
      <if test="integral != null">
        integral = #{integral,jdbcType=INTEGER},
      </if>
      <if test="sincirity != null">
        sincirity = #{sincirity,jdbcType=INTEGER},
      </if>
      <if test="maintext != null">
        maintext = #{maintext,jdbcType=VARCHAR},
      </if>
      <if test="mainpicture != null">
        mainpicture = #{mainpicture,jdbcType=VARCHAR},
      </if>
      <if test="sex != null">
        sex = #{sex,jdbcType=VARCHAR},
      </if>
    </set>
    where d_id = #{dId,jdbcType=INTEGER}
  </update>
  <update id="updateByPrimaryKey" parameterType="cn.tt.bean.Publishdate">
    update date
    set invite_id = #{inviteId,jdbcType=VARCHAR},
      receive_Id = #{receiveId,jdbcType=VARCHAR},
      theme = #{theme,jdbcType=VARCHAR},
      gift = #{gift,jdbcType=INTEGER},
      time = #{time,jdbcType=TIMESTAMP},
      datefortime = #{datefortime,jdbcType=TIMESTAMP},
      location = #{location,jdbcType=VARCHAR},
      integral = #{integral,jdbcType=INTEGER},
      sincirity = #{sincirity,jdbcType=INTEGER},
      maintext = #{maintext,jdbcType=VARCHAR},
      mainpicture = #{mainpicture,jdbcType=VARCHAR},
      sex = #{sex,jdbcType=VARCHAR}
    where d_id = #{dId,jdbcType=INTEGER}
  </update>
</mapper>