<?xml version="1.0" encoding="UTF-8"?>
<!DOCTYPE mapper PUBLIC "-//mybatis.org//DTD Mapper 3.0//EN" "http://mybatis.org/dtd/mybatis-3-mapper.dtd">
<mapper namespace="cn.tt.dao.SignMapper">
  <resultMap id="BaseResultMap" type="cn.tt.bean.Sign">
    <id column="account_id" jdbcType="VARCHAR" property="accountId" />
    <result column="begin_sign" jdbcType="DATE" property="beginSign" />
    <result column="end_sign" jdbcType="DATE" property="endSign" />
  </resultMap>
  <sql id="Example_Where_Clause">
    <where>
      <foreach collection="oredCriteria" item="criteria" separator="or">
        <if test="criteria.valid">
          <trim prefix="(" prefixOverrides="and" suffix=")">
            <foreach collection="criteria.criteria" item="criterion">
              <choose>
                <when test="criterion.noValue">
                  and ${criterion.condition}
                </when>
                <when test="criterion.singleValue">
                  and ${criterion.condition} #{criterion.value}
                </when>
                <when test="criterion.betweenValue">
                  and ${criterion.condition} #{criterion.value} and #{criterion.secondValue}
                </when>
                <when test="criterion.listValue">
                  and ${criterion.condition}
                  <foreach close=")" collection="criterion.value" item="listItem" open="(" separator=",">
                    #{listItem}
                  </foreach>
                </when>
              </choose>
            </foreach>
          </trim>
        </if>
      </foreach>
    </where>
  </sql>
  <sql id="Update_By_Example_Where_Clause">
    <where>
      <foreach collection="example.oredCriteria" item="criteria" separator="or">
        <if test="criteria.valid">
          <trim prefix="(" prefixOverrides="and" suffix=")">
            <foreach collection="criteria.criteria" item="criterion">
              <choose>
                <when test="criterion.noValue">
                  and ${criterion.condition}
                </when>
                <when test="criterion.singleValue">
                  and ${criterion.condition} #{criterion.value}
                </when>
                <when test="criterion.betweenValue">
                  and ${criterion.condition} #{criterion.value} and #{criterion.secondValue}
                </when>
                <when test="criterion.listValue">
                  and ${criterion.condition}
                  <foreach close=")" collection="criterion.value" item="listItem" open="(" separator=",">
                    #{listItem}
                  </foreach>
                </when>
              </choose>
            </foreach>
          </trim>
        </if>
      </foreach>
    </where>
  </sql>
  <sql id="Base_Column_List">
    account_id, begin_sign, end_sign
  </sql>
  <select id="selectByExample" parameterType="cn.tt.bean.SignExample" resultMap="BaseResultMap">
    select
    <if test="distinct">
      distinct
    </if>
    <include refid="Base_Column_List" />
    from sign
    <if test="_parameter != null">
      <include refid="Example_Where_Clause" />
    </if>
    <if test="orderByClause != null">
      order by ${orderByClause}
    </if>
  </select>
  <select id="selectByPrimaryKey" parameterType="java.lang.String" resultMap="BaseResultMap">
    select 
    <include refid="Base_Column_List" />
    from sign
    where account_id = #{accountId,jdbcType=VARCHAR}
  </select>
  <delete id="deleteByPrimaryKey" parameterType="java.lang.String">
    delete from sign
    where account_id = #{accountId,jdbcType=VARCHAR}
  </delete>
  <delete id="deleteByExample" parameterType="cn.tt.bean.SignExample">
    delete from sign
    <if test="_parameter != null">
      <include refid="Example_Where_Clause" />
    </if>
  </delete>
  <insert id="insert" parameterType="cn.tt.bean.Sign">
    insert into sign (account_id, begin_sign, end_sign
      )
    values (#{accountId,jdbcType=VARCHAR}, #{beginSign,jdbcType=DATE}, #{endSign,jdbcType=DATE}
      )
  </insert>
  <insert id="insertSelective" parameterType="cn.tt.bean.Sign">
    insert into sign
    <trim prefix="(" suffix=")" suffixOverrides=",">
      <if test="accountId != null">
        account_id,
      </if>
      <if test="beginSign != null">
        begin_sign,
      </if>
      <if test="endSign != null">
        end_sign,
      </if>
    </trim>
    <trim prefix="values (" suffix=")" suffixOverrides=",">
      <if test="accountId != null">
        #{accountId,jdbcType=VARCHAR},
      </if>
      <if test="beginSign != null">
        #{beginSign,jdbcType=DATE},
      </if>
      <if test="endSign != null">
        #{endSign,jdbcType=DATE},
      </if>
    </trim>
  </insert>
  <select id="countByExample" parameterType="cn.tt.bean.SignExample" resultType="java.lang.Long">
    select count(*) from sign
    <if test="_parameter != null">
      <include refid="Example_Where_Clause" />
    </if>
  </select>
  <update id="updateByExampleSelective" parameterType="map">
    update sign
    <set>
      <if test="record.accountId != null">
        account_id = #{record.accountId,jdbcType=VARCHAR},
      </if>
      <if test="record.beginSign != null">
        begin_sign = #{record.beginSign,jdbcType=DATE},
      </if>
      <if test="record.endSign != null">
        end_sign = #{record.endSign,jdbcType=DATE},
      </if>
    </set>
    <if test="_parameter != null">
      <include refid="Update_By_Example_Where_Clause" />
    </if>
  </update>
  <update id="updateByExample" parameterType="map">
    update sign
    set account_id = #{record.accountId,jdbcType=VARCHAR},
      begin_sign = #{record.beginSign,jdbcType=DATE},
      end_sign = #{record.endSign,jdbcType=DATE}
    <if test="_parameter != null">
      <include refid="Update_By_Example_Where_Clause" />
    </if>
  </update>
  <update id="updateByPrimaryKeySelective" parameterType="cn.tt.bean.Sign">
    update sign
    <set>
      <if test="beginSign != null">
        begin_sign = #{beginSign,jdbcType=DATE},
      </if>
      <if test="endSign != null">
        end_sign = #{endSign,jdbcType=DATE},
      </if>
    </set>
    where account_id = #{accountId,jdbcType=VARCHAR}
  </update>
  <update id="updateByPrimaryKey" parameterType="cn.tt.bean.Sign">
    update sign
    set begin_sign = #{beginSign,jdbcType=DATE},
      end_sign = #{endSign,jdbcType=DATE}
    where account_id = #{accountId,jdbcType=VARCHAR}
  </update>
</mapper>