<?xml version="1.0" encoding="UTF-8"?>
<!DOCTYPE mapper PUBLIC "-//mybatis.org//DTD Mapper 3.0//EN" "http://mybatis.org/dtd/mybatis-3-mapper.dtd">
<mapper namespace="cn.tt.dao.User_infoMapper">
  <resultMap id="BaseResultMap" type="cn.tt.bean.User_info">
    <id column="account_id" jdbcType="VARCHAR" property="accountId" />
    <result column="sex" jdbcType="TINYINT" property="sex" />
    <result column="constellation" jdbcType="VARCHAR" property="constellation" />
    <result column="name" jdbcType="VARCHAR" property="name" />
    <result column="city" jdbcType="VARCHAR" property="city" />
    <result column="hight" jdbcType="INTEGER" property="hight" />
    <result column="weight" jdbcType="INTEGER" property="weight" />
    <result column="qq" jdbcType="VARCHAR" property="qq" />
    <result column="phone_num" jdbcType="VARCHAR" property="phoneNum" />
    <result column="like_sports" jdbcType="VARCHAR" property="likeSports" />
    <result column="sex_info" jdbcType="VARCHAR" property="sexInfo" />
    <result column="merriage" jdbcType="TINYINT" property="merriage" />
    <result column="friendcount" jdbcType="INTEGER" property="friendcount" />
    <result column="follwcount" jdbcType="INTEGER" property="follwcount" />
    <result column="fanscount" jdbcType="INTEGER" property="fanscount" />
    <result column="giftcount" jdbcType="INTEGER" property="giftcount" />
    <result column="profile" jdbcType="VARCHAR" property="profile" />
    <result column="token" jdbcType="VARCHAR" property="token" />
    <result column="relation" jdbcType="VARCHAR" property="relation" />
    <result column="age" jdbcType="INTEGER" property="age" />
  </resultMap>
  <sql id="Example_Where_Clause">
    <where>
      <foreach collection="oredCriteria" item="criteria" separator="or">
        <if test="criteria.valid">
          <trim prefix="(" prefixOverrides="and" suffix=")">
            <foreach collection="criteria.criteria" item="criterion">
              <choose>
                <when test="criterion.noValue">
                  and ${criterion.condition}
                </when>
                <when test="criterion.singleValue">
                  and ${criterion.condition} #{criterion.value}
                </when>
                <when test="criterion.betweenValue">
                  and ${criterion.condition} #{criterion.value} and #{criterion.secondValue}
                </when>
                <when test="criterion.listValue">
                  and ${criterion.condition}
                  <foreach close=")" collection="criterion.value" item="listItem" open="(" separator=",">
                    #{listItem}
                  </foreach>
                </when>
              </choose>
            </foreach>
          </trim>
        </if>
      </foreach>
    </where>
  </sql>
  <sql id="Update_By_Example_Where_Clause">
    <where>
      <foreach collection="example.oredCriteria" item="criteria" separator="or">
        <if test="criteria.valid">
          <trim prefix="(" prefixOverrides="and" suffix=")">
            <foreach collection="criteria.criteria" item="criterion">
              <choose>
                <when test="criterion.noValue">
                  and ${criterion.condition}
                </when>
                <when test="criterion.singleValue">
                  and ${criterion.condition} #{criterion.value}
                </when>
                <when test="criterion.betweenValue">
                  and ${criterion.condition} #{criterion.value} and #{criterion.secondValue}
                </when>
                <when test="criterion.listValue">
                  and ${criterion.condition}
                  <foreach close=")" collection="criterion.value" item="listItem" open="(" separator=",">
                    #{listItem}
                  </foreach>
                </when>
              </choose>
            </foreach>
          </trim>
        </if>
      </foreach>
    </where>
  </sql>
  <sql id="Base_Column_List">
    account_id, sex, constellation, name, city, hight, weight, qq, phone_num, like_sports, 
    sex_info, merriage, friendcount, follwcount, fanscount, giftcount, profile, token, 
    relation, age
  </sql>
  <select id="selectByExample" parameterType="cn.tt.bean.User_infoExample" resultMap="BaseResultMap">
    select
    <if test="distinct">
      distinct
    </if>
    <include refid="Base_Column_List" />
    from user_info
    <if test="_parameter != null">
      <include refid="Example_Where_Clause" />
    </if>
    <if test="orderByClause != null">
      order by ${orderByClause}
    </if>
    <if test="offset != null &amp;&amp; limit != null">
			limit ${offset},${limit}
	</if>
  </select>
  <select id="selectByPrimaryKey" parameterType="java.lang.String" resultMap="BaseResultMap">
    select 
    <include refid="Base_Column_List" />
    from user_info
    where account_id = #{accountId,jdbcType=VARCHAR}
  </select>
  <delete id="deleteByPrimaryKey" parameterType="java.lang.String">
    delete from user_info
    where account_id = #{accountId,jdbcType=VARCHAR}
  </delete>
  <delete id="deleteByExample" parameterType="cn.tt.bean.User_infoExample">
    delete from user_info
    <if test="_parameter != null">
      <include refid="Example_Where_Clause" />
    </if>
  </delete>
  <insert id="insert" parameterType="cn.tt.bean.User_info">
    insert into user_info (account_id, sex, constellation, 
      name, city, hight, 
      weight, qq, phone_num, 
      like_sports, sex_info, merriage, 
      friendcount, follwcount, fanscount, 
      giftcount, profile, token, 
      relation, age)
    values (#{accountId,jdbcType=VARCHAR}, #{sex,jdbcType=TINYINT}, #{constellation,jdbcType=VARCHAR}, 
      #{name,jdbcType=VARCHAR}, #{city,jdbcType=VARCHAR}, #{hight,jdbcType=INTEGER}, 
      #{weight,jdbcType=INTEGER}, #{qq,jdbcType=VARCHAR}, #{phoneNum,jdbcType=VARCHAR}, 
      #{likeSports,jdbcType=VARCHAR}, #{sexInfo,jdbcType=VARCHAR}, #{merriage,jdbcType=TINYINT}, 
      #{friendcount,jdbcType=INTEGER}, #{follwcount,jdbcType=INTEGER}, #{fanscount,jdbcType=INTEGER}, 
      #{giftcount,jdbcType=INTEGER}, #{profile,jdbcType=VARCHAR}, #{token,jdbcType=VARCHAR}, 
      #{relation,jdbcType=VARCHAR}, #{age,jdbcType=INTEGER})
  </insert>
  <insert id="insertSelective" parameterType="cn.tt.bean.User_info">
    insert into user_info
    <trim prefix="(" suffix=")" suffixOverrides=",">
      <if test="accountId != null">
        account_id,
      </if>
      <if test="sex != null">
        sex,
      </if>
      <if test="constellation != null">
        constellation,
      </if>
      <if test="name != null">
        name,
      </if>
      <if test="city != null">
        city,
      </if>
      <if test="hight != null">
        hight,
      </if>
      <if test="weight != null">
        weight,
      </if>
      <if test="qq != null">
        qq,
      </if>
      <if test="phoneNum != null">
        phone_num,
      </if>
      <if test="likeSports != null">
        like_sports,
      </if>
      <if test="sexInfo != null">
        sex_info,
      </if>
      <if test="merriage != null">
        merriage,
      </if>
      <if test="friendcount != null">
        friendcount,
      </if>
      <if test="follwcount != null">
        follwcount,
      </if>
      <if test="fanscount != null">
        fanscount,
      </if>
      <if test="giftcount != null">
        giftcount,
      </if>
      <if test="profile != null">
        profile,
      </if>
      <if test="token != null">
        token,
      </if>
      <if test="relation != null">
        relation,
      </if>
      <if test="age != null">
        age,
      </if>
    </trim>
    <trim prefix="values (" suffix=")" suffixOverrides=",">
      <if test="accountId != null">
        #{accountId,jdbcType=VARCHAR},
      </if>
      <if test="sex != null">
        #{sex,jdbcType=TINYINT},
      </if>
      <if test="constellation != null">
        #{constellation,jdbcType=VARCHAR},
      </if>
      <if test="name != null">
        #{name,jdbcType=VARCHAR},
      </if>
      <if test="city != null">
        #{city,jdbcType=VARCHAR},
      </if>
      <if test="hight != null">
        #{hight,jdbcType=INTEGER},
      </if>
      <if test="weight != null">
        #{weight,jdbcType=INTEGER},
      </if>
      <if test="qq != null">
        #{qq,jdbcType=VARCHAR},
      </if>
      <if test="phoneNum != null">
        #{phoneNum,jdbcType=VARCHAR},
      </if>
      <if test="likeSports != null">
        #{likeSports,jdbcType=VARCHAR},
      </if>
      <if test="sexInfo != null">
        #{sexInfo,jdbcType=VARCHAR},
      </if>
      <if test="merriage != null">
        #{merriage,jdbcType=TINYINT},
      </if>
      <if test="friendcount != null">
        #{friendcount,jdbcType=INTEGER},
      </if>
      <if test="follwcount != null">
        #{follwcount,jdbcType=INTEGER},
      </if>
      <if test="fanscount != null">
        #{fanscount,jdbcType=INTEGER},
      </if>
      <if test="giftcount != null">
        #{giftcount,jdbcType=INTEGER},
      </if>
      <if test="profile != null">
        #{profile,jdbcType=VARCHAR},
      </if>
      <if test="token != null">
        #{token,jdbcType=VARCHAR},
      </if>
      <if test="relation != null">
        #{relation,jdbcType=VARCHAR},
      </if>
      <if test="age != null">
        #{age,jdbcType=INTEGER},
      </if>
    </trim>
  </insert>
  <select id="countByExample" parameterType="cn.tt.bean.User_infoExample" resultType="java.lang.Long">
    select count(*) from user_info
    <if test="_parameter != null">
      <include refid="Example_Where_Clause" />
    </if>
  </select>
  <update id="updateByExampleSelective" parameterType="map">
    update user_info
    <set>
      <if test="record.accountId != null">
        account_id = #{record.accountId,jdbcType=VARCHAR},
      </if>
      <if test="record.sex != null">
        sex = #{record.sex,jdbcType=TINYINT},
      </if>
      <if test="record.constellation != null">
        constellation = #{record.constellation,jdbcType=VARCHAR},
      </if>
      <if test="record.name != null">
        name = #{record.name,jdbcType=VARCHAR},
      </if>
      <if test="record.city != null">
        city = #{record.city,jdbcType=VARCHAR},
      </if>
      <if test="record.hight != null">
        hight = #{record.hight,jdbcType=INTEGER},
      </if>
      <if test="record.weight != null">
        weight = #{record.weight,jdbcType=INTEGER},
      </if>
      <if test="record.qq != null">
        qq = #{record.qq,jdbcType=VARCHAR},
      </if>
      <if test="record.phoneNum != null">
        phone_num = #{record.phoneNum,jdbcType=VARCHAR},
      </if>
      <if test="record.likeSports != null">
        like_sports = #{record.likeSports,jdbcType=VARCHAR},
      </if>
      <if test="record.sexInfo != null">
        sex_info = #{record.sexInfo,jdbcType=VARCHAR},
      </if>
      <if test="record.merriage != null">
        merriage = #{record.merriage,jdbcType=TINYINT},
      </if>
      <if test="record.friendcount != null">
        friendcount = #{record.friendcount,jdbcType=INTEGER},
      </if>
      <if test="record.follwcount != null">
        follwcount = #{record.follwcount,jdbcType=INTEGER},
      </if>
      <if test="record.fanscount != null">
        fanscount = #{record.fanscount,jdbcType=INTEGER},
      </if>
      <if test="record.giftcount != null">
        giftcount = #{record.giftcount,jdbcType=INTEGER},
      </if>
      <if test="record.profile != null">
        profile = #{record.profile,jdbcType=VARCHAR},
      </if>
      <if test="record.token != null">
        token = #{record.token,jdbcType=VARCHAR},
      </if>
      <if test="record.relation != null">
        relation = #{record.relation,jdbcType=VARCHAR},
      </if>
      <if test="record.age != null">
        age = #{record.age,jdbcType=INTEGER},
      </if>
    </set>
    <if test="_parameter != null">
      <include refid="Update_By_Example_Where_Clause" />
    </if>
  </update>
  <update id="updateByExample" parameterType="map">
    update user_info
    set account_id = #{record.accountId,jdbcType=VARCHAR},
      sex = #{record.sex,jdbcType=TINYINT},
      constellation = #{record.constellation,jdbcType=VARCHAR},
      name = #{record.name,jdbcType=VARCHAR},
      city = #{record.city,jdbcType=VARCHAR},
      hight = #{record.hight,jdbcType=INTEGER},
      weight = #{record.weight,jdbcType=INTEGER},
      qq = #{record.qq,jdbcType=VARCHAR},
      phone_num = #{record.phoneNum,jdbcType=VARCHAR},
      like_sports = #{record.likeSports,jdbcType=VARCHAR},
      sex_info = #{record.sexInfo,jdbcType=VARCHAR},
      merriage = #{record.merriage,jdbcType=TINYINT},
      friendcount = #{record.friendcount,jdbcType=INTEGER},
      follwcount = #{record.follwcount,jdbcType=INTEGER},
      fanscount = #{record.fanscount,jdbcType=INTEGER},
      giftcount = #{record.giftcount,jdbcType=INTEGER},
      profile = #{record.profile,jdbcType=VARCHAR},
      token = #{record.token,jdbcType=VARCHAR},
      relation = #{record.relation,jdbcType=VARCHAR},
      age = #{record.age,jdbcType=INTEGER}
    <if test="_parameter != null">
      <include refid="Update_By_Example_Where_Clause" />
    </if>
  </update>
  <update id="updateByPrimaryKeySelective" parameterType="cn.tt.bean.User_info">
    update user_info
    <set>
      <if test="sex != null">
        sex = #{sex,jdbcType=TINYINT},
      </if>
      <if test="constellation != null">
        constellation = #{constellation,jdbcType=VARCHAR},
      </if>
      <if test="name != null">
        name = #{name,jdbcType=VARCHAR},
      </if>
      <if test="city != null">
        city = #{city,jdbcType=VARCHAR},
      </if>
      <if test="hight != null">
        hight = #{hight,jdbcType=INTEGER},
      </if>
      <if test="weight != null">
        weight = #{weight,jdbcType=INTEGER},
      </if>
      <if test="qq != null">
        qq = #{qq,jdbcType=VARCHAR},
      </if>
      <if test="phoneNum != null">
        phone_num = #{phoneNum,jdbcType=VARCHAR},
      </if>
      <if test="likeSports != null">
        like_sports = #{likeSports,jdbcType=VARCHAR},
      </if>
      <if test="sexInfo != null">
        sex_info = #{sexInfo,jdbcType=VARCHAR},
      </if>
      <if test="merriage != null">
        merriage = #{merriage,jdbcType=TINYINT},
      </if>
      <if test="friendcount != null">
        friendcount = #{friendcount,jdbcType=INTEGER},
      </if>
      <if test="follwcount != null">
        follwcount = #{follwcount,jdbcType=INTEGER},
      </if>
      <if test="fanscount != null">
        fanscount = #{fanscount,jdbcType=INTEGER},
      </if>
      <if test="giftcount != null">
        giftcount = #{giftcount,jdbcType=INTEGER},
      </if>
      <if test="profile != null">
        profile = #{profile,jdbcType=VARCHAR},
      </if>
      <if test="token != null">
        token = #{token,jdbcType=VARCHAR},
      </if>
      <if test="relation != null">
        relation = #{relation,jdbcType=VARCHAR},
      </if>
      <if test="age != null">
        age = #{age,jdbcType=INTEGER},
      </if>
    </set>
    where account_id = #{accountId,jdbcType=VARCHAR}
  </update>
  <update id="updateByPrimaryKey" parameterType="cn.tt.bean.User_info">
    update user_info
    set sex = #{sex,jdbcType=TINYINT},
      constellation = #{constellation,jdbcType=VARCHAR},
      name = #{name,jdbcType=VARCHAR},
      city = #{city,jdbcType=VARCHAR},
      hight = #{hight,jdbcType=INTEGER},
      weight = #{weight,jdbcType=INTEGER},
      qq = #{qq,jdbcType=VARCHAR},
      phone_num = #{phoneNum,jdbcType=VARCHAR},
      like_sports = #{likeSports,jdbcType=VARCHAR},
      sex_info = #{sexInfo,jdbcType=VARCHAR},
      merriage = #{merriage,jdbcType=TINYINT},
      friendcount = #{friendcount,jdbcType=INTEGER},
      follwcount = #{follwcount,jdbcType=INTEGER},
      fanscount = #{fanscount,jdbcType=INTEGER},
      giftcount = #{giftcount,jdbcType=INTEGER},
      profile = #{profile,jdbcType=VARCHAR},
      token = #{token,jdbcType=VARCHAR},
      relation = #{relation,jdbcType=VARCHAR},
      age = #{age,jdbcType=INTEGER}
    where account_id = #{accountId,jdbcType=VARCHAR}
  </update>
</mapper>