<?xml version="1.0" encoding="UTF-8"?>
<!DOCTYPE mapper PUBLIC "-//mybatis.org//DTD Mapper 3.0//EN" "http://mybatis.org/dtd/mybatis-3-mapper.dtd">
<mapper namespace="cn.tt.dao.VoicedyMapper">
  <resultMap id="BaseResultMap" type="cn.tt.bean.Voicedy">
    <id column="v_id" jdbcType="VARCHAR" property="vId" />
    <result column="account_id" jdbcType="VARCHAR" property="accountId" />
    <result column="v_category" jdbcType="INTEGER" property="vCategory" />
    <result column="v_time" jdbcType="INTEGER" property="vTime" />
    <result column="v_peroflisen" jdbcType="INTEGER" property="vPeroflisen" />
    <result column="v_rate" jdbcType="INTEGER" property="vRate" />
    <result column="support" jdbcType="INTEGER" property="support" />
    <result column="unlike" jdbcType="INTEGER" property="unlike" />
    <result column="gift" jdbcType="INTEGER" property="gift" />
    <result column="comment" jdbcType="INTEGER" property="comment" />
    <result column="share" jdbcType="INTEGER" property="share" />
    <result column="voice_url" jdbcType="VARCHAR" property="voiceUrl" />
    <result column="voice_pubtime" jdbcType="VARCHAR" property="voicePubtime" />
    <result column="level" jdbcType="INTEGER" property="level" />
    <result column="price" jdbcType="DOUBLE" property="price" />
  </resultMap>
  <sql id="Example_Where_Clause">
    <where>
      <foreach collection="oredCriteria" item="criteria" separator="or">
        <if test="criteria.valid">
          <trim prefix="(" prefixOverrides="and" suffix=")">
            <foreach collection="criteria.criteria" item="criterion">
              <choose>
                <when test="criterion.noValue">
                  and ${criterion.condition}
                </when>
                <when test="criterion.singleValue">
                  and ${criterion.condition} #{criterion.value}
                </when>
                <when test="criterion.betweenValue">
                  and ${criterion.condition} #{criterion.value} and #{criterion.secondValue}
                </when>
                <when test="criterion.listValue">
                  and ${criterion.condition}
                  <foreach close=")" collection="criterion.value" item="listItem" open="(" separator=",">
                    #{listItem}
                  </foreach>
                </when>
              </choose>
            </foreach>
          </trim>
        </if>
      </foreach>
    </where>
  </sql>
  <sql id="Update_By_Example_Where_Clause">
    <where>
      <foreach collection="example.oredCriteria" item="criteria" separator="or">
        <if test="criteria.valid">
          <trim prefix="(" prefixOverrides="and" suffix=")">
            <foreach collection="criteria.criteria" item="criterion">
              <choose>
                <when test="criterion.noValue">
                  and ${criterion.condition}
                </when>
                <when test="criterion.singleValue">
                  and ${criterion.condition} #{criterion.value}
                </when>
                <when test="criterion.betweenValue">
                  and ${criterion.condition} #{criterion.value} and #{criterion.secondValue}
                </when>
                <when test="criterion.listValue">
                  and ${criterion.condition}
                  <foreach close=")" collection="criterion.value" item="listItem" open="(" separator=",">
                    #{listItem}
                  </foreach>
                </when>
              </choose>
            </foreach>
          </trim>
        </if>
      </foreach>
    </where>
  </sql>
  <sql id="Base_Column_List">
    v_id, account_id, v_category, v_time, v_peroflisen, v_rate, support, unlike, gift, 
    comment, share, voice_url, voice_pubtime, level, price
  </sql>
  <select id="selectByExample" parameterType="cn.tt.bean.VoicedyExample" resultMap="BaseResultMap">
    select
    <if test="distinct">
      distinct
    </if>
    <include refid="Base_Column_List" />
    from voicedy
    <if test="_parameter != null">
      <include refid="Example_Where_Clause" />
    </if>
    <if test="orderByClause != null">
      order by ${orderByClause}
    </if>
  </select>
  <select id="selectByPrimaryKey" parameterType="java.lang.String" resultMap="BaseResultMap">
    select 
    <include refid="Base_Column_List" />
    from voicedy
    where v_id = #{vId,jdbcType=VARCHAR}
  </select>
  <delete id="deleteByPrimaryKey" parameterType="java.lang.String">
    delete from voicedy
    where v_id = #{vId,jdbcType=VARCHAR}
  </delete>
  <delete id="deleteByExample" parameterType="cn.tt.bean.VoicedyExample">
    delete from voicedy
    <if test="_parameter != null">
      <include refid="Example_Where_Clause" />
    </if>
  </delete>
  <insert id="insert" parameterType="cn.tt.bean.Voicedy">
    insert into voicedy (v_id, account_id, v_category, 
      v_time, v_peroflisen, v_rate, 
      support, unlike, gift, 
      comment, share, voice_url, 
      voice_pubtime, level, price
      )
    values (#{vId,jdbcType=VARCHAR}, #{accountId,jdbcType=VARCHAR}, #{vCategory,jdbcType=INTEGER}, 
      #{vTime,jdbcType=INTEGER}, #{vPeroflisen,jdbcType=INTEGER}, #{vRate,jdbcType=INTEGER}, 
      #{support,jdbcType=INTEGER}, #{unlike,jdbcType=INTEGER}, #{gift,jdbcType=INTEGER}, 
      #{comment,jdbcType=INTEGER}, #{share,jdbcType=INTEGER}, #{voiceUrl,jdbcType=VARCHAR}, 
      #{voicePubtime,jdbcType=VARCHAR}, #{level,jdbcType=INTEGER}, #{price,jdbcType=DOUBLE}
      )
  </insert>
  <insert id="insertSelective" parameterType="cn.tt.bean.Voicedy">
    insert into voicedy
    <trim prefix="(" suffix=")" suffixOverrides=",">
      <if test="vId != null">
        v_id,
      </if>
      <if test="accountId != null">
        account_id,
      </if>
      <if test="vCategory != null">
        v_category,
      </if>
      <if test="vTime != null">
        v_time,
      </if>
      <if test="vPeroflisen != null">
        v_peroflisen,
      </if>
      <if test="vRate != null">
        v_rate,
      </if>
      <if test="support != null">
        support,
      </if>
      <if test="unlike != null">
        unlike,
      </if>
      <if test="gift != null">
        gift,
      </if>
      <if test="comment != null">
        comment,
      </if>
      <if test="share != null">
        share,
      </if>
      <if test="voiceUrl != null">
        voice_url,
      </if>
      <if test="voicePubtime != null">
        voice_pubtime,
      </if>
      <if test="level != null">
        level,
      </if>
      <if test="price != null">
        price,
      </if>
    </trim>
    <trim prefix="values (" suffix=")" suffixOverrides=",">
      <if test="vId != null">
        #{vId,jdbcType=VARCHAR},
      </if>
      <if test="accountId != null">
        #{accountId,jdbcType=VARCHAR},
      </if>
      <if test="vCategory != null">
        #{vCategory,jdbcType=INTEGER},
      </if>
      <if test="vTime != null">
        #{vTime,jdbcType=INTEGER},
      </if>
      <if test="vPeroflisen != null">
        #{vPeroflisen,jdbcType=INTEGER},
      </if>
      <if test="vRate != null">
        #{vRate,jdbcType=INTEGER},
      </if>
      <if test="support != null">
        #{support,jdbcType=INTEGER},
      </if>
      <if test="unlike != null">
        #{unlike,jdbcType=INTEGER},
      </if>
      <if test="gift != null">
        #{gift,jdbcType=INTEGER},
      </if>
      <if test="comment != null">
        #{comment,jdbcType=INTEGER},
      </if>
      <if test="share != null">
        #{share,jdbcType=INTEGER},
      </if>
      <if test="voiceUrl != null">
        #{voiceUrl,jdbcType=VARCHAR},
      </if>
      <if test="voicePubtime != null">
        #{voicePubtime,jdbcType=VARCHAR},
      </if>
      <if test="level != null">
        #{level,jdbcType=INTEGER},
      </if>
      <if test="price != null">
        #{price,jdbcType=DOUBLE},
      </if>
    </trim>
  </insert>
  <select id="countByExample" parameterType="cn.tt.bean.VoicedyExample" resultType="java.lang.Long">
    select count(*) from voicedy
    <if test="_parameter != null">
      <include refid="Example_Where_Clause" />
    </if>
  </select>
  <update id="updateByExampleSelective" parameterType="map">
    update voicedy
    <set>
      <if test="record.vId != null">
        v_id = #{record.vId,jdbcType=VARCHAR},
      </if>
      <if test="record.accountId != null">
        account_id = #{record.accountId,jdbcType=VARCHAR},
      </if>
      <if test="record.vCategory != null">
        v_category = #{record.vCategory,jdbcType=INTEGER},
      </if>
      <if test="record.vTime != null">
        v_time = #{record.vTime,jdbcType=INTEGER},
      </if>
      <if test="record.vPeroflisen != null">
        v_peroflisen = #{record.vPeroflisen,jdbcType=INTEGER},
      </if>
      <if test="record.vRate != null">
        v_rate = #{record.vRate,jdbcType=INTEGER},
      </if>
      <if test="record.support != null">
        support = #{record.support,jdbcType=INTEGER},
      </if>
      <if test="record.unlike != null">
        unlike = #{record.unlike,jdbcType=INTEGER},
      </if>
      <if test="record.gift != null">
        gift = #{record.gift,jdbcType=INTEGER},
      </if>
      <if test="record.comment != null">
        comment = #{record.comment,jdbcType=INTEGER},
      </if>
      <if test="record.share != null">
        share = #{record.share,jdbcType=INTEGER},
      </if>
      <if test="record.voiceUrl != null">
        voice_url = #{record.voiceUrl,jdbcType=VARCHAR},
      </if>
      <if test="record.voicePubtime != null">
        voice_pubtime = #{record.voicePubtime,jdbcType=VARCHAR},
      </if>
      <if test="record.level != null">
        level = #{record.level,jdbcType=INTEGER},
      </if>
      <if test="record.price != null">
        price = #{record.price,jdbcType=DOUBLE},
      </if>
    </set>
    <if test="_parameter != null">
      <include refid="Update_By_Example_Where_Clause" />
    </if>
  </update>
  <update id="updateByExample" parameterType="map">
    update voicedy
    set v_id = #{record.vId,jdbcType=VARCHAR},
      account_id = #{record.accountId,jdbcType=VARCHAR},
      v_category = #{record.vCategory,jdbcType=INTEGER},
      v_time = #{record.vTime,jdbcType=INTEGER},
      v_peroflisen = #{record.vPeroflisen,jdbcType=INTEGER},
      v_rate = #{record.vRate,jdbcType=INTEGER},
      support = #{record.support,jdbcType=INTEGER},
      unlike = #{record.unlike,jdbcType=INTEGER},
      gift = #{record.gift,jdbcType=INTEGER},
      comment = #{record.comment,jdbcType=INTEGER},
      share = #{record.share,jdbcType=INTEGER},
      voice_url = #{record.voiceUrl,jdbcType=VARCHAR},
      voice_pubtime = #{record.voicePubtime,jdbcType=VARCHAR},
      level = #{record.level,jdbcType=INTEGER},
      price = #{record.price,jdbcType=DOUBLE}
    <if test="_parameter != null">
      <include refid="Update_By_Example_Where_Clause" />
    </if>
  </update>
  <update id="updateByPrimaryKeySelective" parameterType="cn.tt.bean.Voicedy">
    update voicedy
    <set>
      <if test="accountId != null">
        account_id = #{accountId,jdbcType=VARCHAR},
      </if>
      <if test="vCategory != null">
        v_category = #{vCategory,jdbcType=INTEGER},
      </if>
      <if test="vTime != null">
        v_time = #{vTime,jdbcType=INTEGER},
      </if>
      <if test="vPeroflisen != null">
        v_peroflisen = #{vPeroflisen,jdbcType=INTEGER},
      </if>
      <if test="vRate != null">
        v_rate = #{vRate,jdbcType=INTEGER},
      </if>
      <if test="support != null">
        support = #{support,jdbcType=INTEGER},
      </if>
      <if test="unlike != null">
        unlike = #{unlike,jdbcType=INTEGER},
      </if>
      <if test="gift != null">
        gift = #{gift,jdbcType=INTEGER},
      </if>
      <if test="comment != null">
        comment = #{comment,jdbcType=INTEGER},
      </if>
      <if test="share != null">
        share = #{share,jdbcType=INTEGER},
      </if>
      <if test="voiceUrl != null">
        voice_url = #{voiceUrl,jdbcType=VARCHAR},
      </if>
      <if test="voicePubtime != null">
        voice_pubtime = #{voicePubtime,jdbcType=VARCHAR},
      </if>
      <if test="level != null">
        level = #{level,jdbcType=INTEGER},
      </if>
      <if test="price != null">
        price = #{price,jdbcType=DOUBLE},
      </if>
    </set>
    where v_id = #{vId,jdbcType=VARCHAR}
  </update>
  <update id="updateByPrimaryKey" parameterType="cn.tt.bean.Voicedy">
    update voicedy
    set account_id = #{accountId,jdbcType=VARCHAR},
      v_category = #{vCategory,jdbcType=INTEGER},
      v_time = #{vTime,jdbcType=INTEGER},
      v_peroflisen = #{vPeroflisen,jdbcType=INTEGER},
      v_rate = #{vRate,jdbcType=INTEGER},
      support = #{support,jdbcType=INTEGER},
      unlike = #{unlike,jdbcType=INTEGER},
      gift = #{gift,jdbcType=INTEGER},
      comment = #{comment,jdbcType=INTEGER},
      share = #{share,jdbcType=INTEGER},
      voice_url = #{voiceUrl,jdbcType=VARCHAR},
      voice_pubtime = #{voicePubtime,jdbcType=VARCHAR},
      level = #{level,jdbcType=INTEGER},
      price = #{price,jdbcType=DOUBLE}
    where v_id = #{vId,jdbcType=VARCHAR}
  </update>
    <select id="selectVoicedy" resultMap="voicedyUserMap">
		select * from (voicedy left
		join user_info on voicedy.account_id=user_info.account_id)
		left join
		voicomment on voicedy.v_id=voicomment.voicedy_id order by
		voice_pubtime desc;
	</select>
	<!-- 获取指定用户的全部动态，传入参数为用户的ID -->
	<select id="selectVoicedybyUserId" resultMap="voicedyUserMap" parameterType="java.lang.String">
		select * from (voicedy left
		join user_info on voicedy.account_id=user_info.account_id)
		left join
		voicomment on voicedy.v_id=voicomment.voicedy_id
		where voicedy.account_id = #{accountId,jdbcType=VARCHAR} 
		order by voice_pubtime desc;
	</select>
	
	<resultMap type="cn.tt.bean.Voicedy" id="voicedyUserMap">
	    <id column="v_id" jdbcType="VARCHAR" property="vId" />
		<result column="account_id" jdbcType="VARCHAR" property="accountId" />
		<result column="v_category" jdbcType="INTEGER" property="vCategory" />
		<result column="v_time" jdbcType="INTEGER" property="vTime" />
		<result column="v_peroflisen" jdbcType="INTEGER" property="vPeroflisen" />
		<result column="v_rate" jdbcType="INTEGER" property="vRate" />
		<result column="support" jdbcType="INTEGER" property="support" />
		<result column="unlike" jdbcType="INTEGER" property="unlike" />
		<result column="gift" jdbcType="INTEGER" property="gift" />
		<result column="comment" jdbcType="INTEGER" property="comment" />
		<result column="share" jdbcType="INTEGER" property="share" />
		<result column="voice_url" jdbcType="VARCHAR" property="voiceUrl" />
		<result column="voice_pubtime" jdbcType="VARCHAR" property="voicePubtime" />
    	<result column="level" jdbcType="INTEGER" property="level" />
    	<result column="price" jdbcType="DOUBLE" property="price" />
    	
		<association property="user_info" column="account_id"
			javaType="cn.tt.bean.User_info">
			<id column="account_id" jdbcType="VARCHAR" property="accountId" />
			<result column="sex" jdbcType="TINYINT" property="sex" />
			<result column="name" jdbcType="VARCHAR" property="name" />
			<result column="city" jdbcType="VARCHAR" property="city" />
			<result column="hight" jdbcType="INTEGER" property="hight" />
			<result column="weight" jdbcType="INTEGER" property="weight" />
			<result column="qq" jdbcType="VARCHAR" property="qq" />
			<result column="phone_num" jdbcType="VARCHAR" property="phoneNum" />
			<result column="like_sports" jdbcType="VARCHAR" property="likeSports" />
			<result column="sex_info" jdbcType="VARCHAR" property="sexInfo" />
			<result column="merriage" jdbcType="TINYINT" property="merriage" />
			<result column="friendcount" jdbcType="INTEGER" property="friendcount" />
			<result column="follwcount" jdbcType="INTEGER" property="follwcount" />
			<result column="fanscount" jdbcType="INTEGER" property="fanscount" />
			<result column="giftcount" jdbcType="INTEGER" property="giftcount" />
			<result column="profile" jdbcType="VARCHAR" property="profile" />
			<result column="token" jdbcType="VARCHAR" property="token" />
		</association>

		<collection property="voicommentList" ofType="cn.tt.bean.VoiComment">
			<id column="vc_id" jdbcType="VARCHAR" property="vcId" />
			<result column="account" jdbcType="VARCHAR" property="account" />
			<result column="commnet_account" jdbcType="VARCHAR" property="commnetAccount" />
			<result column="voicedy_id" jdbcType="VARCHAR" property="voicedyId" />
			<result column="content" jdbcType="VARCHAR" property="content" />
			<result column="support" jdbcType="INTEGER" property="support" />
			<result column="unlike" jdbcType="INTEGER" property="unlike" />
		</collection>
	</resultMap>
</mapper>