<?xml version="1.0" encoding="UTF-8"?>
<!DOCTYPE mapper PUBLIC "-//mybatis.org//DTD Mapper 3.0//EN" "http://mybatis.org/dtd/mybatis-3-mapper.dtd">
<mapper namespace="cn.tt.dao.VoiCommentMapper">
  <resultMap id="BaseResultMap" type="cn.tt.bean.VoiComment">
    <id column="vc_id" jdbcType="VARCHAR" property="vcId" />
    <result column="account" jdbcType="VARCHAR" property="account" />
    <result column="commnet_account" jdbcType="VARCHAR" property="commnetAccount" />
    <result column="voicedy_id" jdbcType="VARCHAR" property="voicedyId" />
    <result column="content" jdbcType="VARCHAR" property="content" />
    <result column="support" jdbcType="INTEGER" property="support" />
    <result column="unlike" jdbcType="INTEGER" property="unlike" />
  </resultMap>
  <sql id="Example_Where_Clause">
    <where>
      <foreach collection="oredCriteria" item="criteria" separator="or">
        <if test="criteria.valid">
          <trim prefix="(" prefixOverrides="and" suffix=")">
            <foreach collection="criteria.criteria" item="criterion">
              <choose>
                <when test="criterion.noValue">
                  and ${criterion.condition}
                </when>
                <when test="criterion.singleValue">
                  and ${criterion.condition} #{criterion.value}
                </when>
                <when test="criterion.betweenValue">
                  and ${criterion.condition} #{criterion.value} and #{criterion.secondValue}
                </when>
                <when test="criterion.listValue">
                  and ${criterion.condition}
                  <foreach close=")" collection="criterion.value" item="listItem" open="(" separator=",">
                    #{listItem}
                  </foreach>
                </when>
              </choose>
            </foreach>
          </trim>
        </if>
      </foreach>
    </where>
  </sql>
  <sql id="Update_By_Example_Where_Clause">
    <where>
      <foreach collection="example.oredCriteria" item="criteria" separator="or">
        <if test="criteria.valid">
          <trim prefix="(" prefixOverrides="and" suffix=")">
            <foreach collection="criteria.criteria" item="criterion">
              <choose>
                <when test="criterion.noValue">
                  and ${criterion.condition}
                </when>
                <when test="criterion.singleValue">
                  and ${criterion.condition} #{criterion.value}
                </when>
                <when test="criterion.betweenValue">
                  and ${criterion.condition} #{criterion.value} and #{criterion.secondValue}
                </when>
                <when test="criterion.listValue">
                  and ${criterion.condition}
                  <foreach close=")" collection="criterion.value" item="listItem" open="(" separator=",">
                    #{listItem}
                  </foreach>
                </when>
              </choose>
            </foreach>
          </trim>
        </if>
      </foreach>
    </where>
  </sql>
  <sql id="Base_Column_List">
    vc_id, account, commnet_account, voicedy_id, content, support, unlike
  </sql>
  <select id="selectByExample" parameterType="cn.tt.bean.VoiCommentExample" resultMap="BaseResultMap">
    select
    <if test="distinct">
      distinct
    </if>
    <include refid="Base_Column_List" />
    from voicomment
    <if test="_parameter != null">
      <include refid="Example_Where_Clause" />
    </if>
    <if test="orderByClause != null">
      order by ${orderByClause}
    </if>
  </select>
  <select id="selectByPrimaryKey" parameterType="java.lang.String" resultMap="BaseResultMap">
    select 
    <include refid="Base_Column_List" />
    from voicomment
    where vc_id = #{vcId,jdbcType=VARCHAR}
  </select>
  <delete id="deleteByPrimaryKey" parameterType="java.lang.String">
    delete from voicomment
    where vc_id = #{vcId,jdbcType=VARCHAR}
  </delete>
  <delete id="deleteByExample" parameterType="cn.tt.bean.VoiCommentExample">
    delete from voicomment
    <if test="_parameter != null">
      <include refid="Example_Where_Clause" />
    </if>
  </delete>
  <insert id="insert" parameterType="cn.tt.bean.VoiComment">
    insert into voicomment (vc_id, account, commnet_account, 
      voicedy_id, content, support, 
      unlike)
    values (#{vcId,jdbcType=VARCHAR}, #{account,jdbcType=VARCHAR}, #{commnetAccount,jdbcType=VARCHAR}, 
      #{voicedyId,jdbcType=VARCHAR}, #{content,jdbcType=VARCHAR}, #{support,jdbcType=INTEGER}, 
      #{unlike,jdbcType=INTEGER})
  </insert>
  <insert id="insertSelective" parameterType="cn.tt.bean.VoiComment">
    insert into voicomment
    <trim prefix="(" suffix=")" suffixOverrides=",">
      <if test="vcId != null">
        vc_id,
      </if>
      <if test="account != null">
        account,
      </if>
      <if test="commnetAccount != null">
        commnet_account,
      </if>
      <if test="voicedyId != null">
        voicedy_id,
      </if>
      <if test="content != null">
        content,
      </if>
      <if test="support != null">
        support,
      </if>
      <if test="unlike != null">
        unlike,
      </if>
    </trim>
    <trim prefix="values (" suffix=")" suffixOverrides=",">
      <if test="vcId != null">
        #{vcId,jdbcType=VARCHAR},
      </if>
      <if test="account != null">
        #{account,jdbcType=VARCHAR},
      </if>
      <if test="commnetAccount != null">
        #{commnetAccount,jdbcType=VARCHAR},
      </if>
      <if test="voicedyId != null">
        #{voicedyId,jdbcType=VARCHAR},
      </if>
      <if test="content != null">
        #{content,jdbcType=VARCHAR},
      </if>
      <if test="support != null">
        #{support,jdbcType=INTEGER},
      </if>
      <if test="unlike != null">
        #{unlike,jdbcType=INTEGER},
      </if>
    </trim>
  </insert>
  <select id="countByExample" parameterType="cn.tt.bean.VoiCommentExample" resultType="java.lang.Long">
    select count(*) from voicomment
    <if test="_parameter != null">
      <include refid="Example_Where_Clause" />
    </if>
  </select>
  <update id="updateByExampleSelective" parameterType="map">
    update voicomment
    <set>
      <if test="record.vcId != null">
        vc_id = #{record.vcId,jdbcType=VARCHAR},
      </if>
      <if test="record.account != null">
        account = #{record.account,jdbcType=VARCHAR},
      </if>
      <if test="record.commnetAccount != null">
        commnet_account = #{record.commnetAccount,jdbcType=VARCHAR},
      </if>
      <if test="record.voicedyId != null">
        voicedy_id = #{record.voicedyId,jdbcType=VARCHAR},
      </if>
      <if test="record.content != null">
        content = #{record.content,jdbcType=VARCHAR},
      </if>
      <if test="record.support != null">
        support = #{record.support,jdbcType=INTEGER},
      </if>
      <if test="record.unlike != null">
        unlike = #{record.unlike,jdbcType=INTEGER},
      </if>
    </set>
    <if test="_parameter != null">
      <include refid="Update_By_Example_Where_Clause" />
    </if>
  </update>
  <update id="updateByExample" parameterType="map">
    update voicomment
    set vc_id = #{record.vcId,jdbcType=VARCHAR},
      account = #{record.account,jdbcType=VARCHAR},
      commnet_account = #{record.commnetAccount,jdbcType=VARCHAR},
      voicedy_id = #{record.voicedyId,jdbcType=VARCHAR},
      content = #{record.content,jdbcType=VARCHAR},
      support = #{record.support,jdbcType=INTEGER},
      unlike = #{record.unlike,jdbcType=INTEGER}
    <if test="_parameter != null">
      <include refid="Update_By_Example_Where_Clause" />
    </if>
  </update>
  <update id="updateByPrimaryKeySelective" parameterType="cn.tt.bean.VoiComment">
    update voicomment
    <set>
      <if test="account != null">
        account = #{account,jdbcType=VARCHAR},
      </if>
      <if test="commnetAccount != null">
        commnet_account = #{commnetAccount,jdbcType=VARCHAR},
      </if>
      <if test="voicedyId != null">
        voicedy_id = #{voicedyId,jdbcType=VARCHAR},
      </if>
      <if test="content != null">
        content = #{content,jdbcType=VARCHAR},
      </if>
      <if test="support != null">
        support = #{support,jdbcType=INTEGER},
      </if>
      <if test="unlike != null">
        unlike = #{unlike,jdbcType=INTEGER},
      </if>
    </set>
    where vc_id = #{vcId,jdbcType=VARCHAR}
  </update>
  <update id="updateByPrimaryKey" parameterType="cn.tt.bean.VoiComment">
    update voicomment
    set account = #{account,jdbcType=VARCHAR},
      commnet_account = #{commnetAccount,jdbcType=VARCHAR},
      voicedy_id = #{voicedyId,jdbcType=VARCHAR},
      content = #{content,jdbcType=VARCHAR},
      support = #{support,jdbcType=INTEGER},
      unlike = #{unlike,jdbcType=INTEGER}
    where vc_id = #{vcId,jdbcType=VARCHAR}
  </update>
</mapper>