<?xml version="1.0" encoding="UTF-8"?>
<!DOCTYPE mapper PUBLIC "-//mybatis.org//DTD Mapper 3.0//EN" "http://mybatis.org/dtd/mybatis-3-mapper.dtd">
<mapper namespace="cn.tt.dao.WalletMapper">
  <resultMap id="BaseResultMap" type="cn.tt.bean.Wallet">
    <id column="account_id" jdbcType="VARCHAR" property="accountId" />
    <result column="integral" jdbcType="INTEGER" property="integral" />
    <result column="Sincerity" jdbcType="INTEGER" property="sincerity" />
    <result column="signcount" jdbcType="INTEGER" property="signcount" />
    <result column="rewardcount" jdbcType="INTEGER" property="rewardcount" />
    <result column="chatcount" jdbcType="INTEGER" property="chatcount" />
    <result column="sharecount" jdbcType="INTEGER" property="sharecount" />
    <result column="vip" jdbcType="TINYINT" property="vip" />
    <result column="expire" jdbcType="DATE" property="expire" />
  </resultMap>
  <sql id="Example_Where_Clause">
    <where>
      <foreach collection="oredCriteria" item="criteria" separator="or">
        <if test="criteria.valid">
          <trim prefix="(" prefixOverrides="and" suffix=")">
            <foreach collection="criteria.criteria" item="criterion">
              <choose>
                <when test="criterion.noValue">
                  and ${criterion.condition}
                </when>
                <when test="criterion.singleValue">
                  and ${criterion.condition} #{criterion.value}
                </when>
                <when test="criterion.betweenValue">
                  and ${criterion.condition} #{criterion.value} and #{criterion.secondValue}
                </when>
                <when test="criterion.listValue">
                  and ${criterion.condition}
                  <foreach close=")" collection="criterion.value" item="listItem" open="(" separator=",">
                    #{listItem}
                  </foreach>
                </when>
              </choose>
            </foreach>
          </trim>
        </if>
      </foreach>
    </where>
  </sql>
  <sql id="Update_By_Example_Where_Clause">
    <where>
      <foreach collection="example.oredCriteria" item="criteria" separator="or">
        <if test="criteria.valid">
          <trim prefix="(" prefixOverrides="and" suffix=")">
            <foreach collection="criteria.criteria" item="criterion">
              <choose>
                <when test="criterion.noValue">
                  and ${criterion.condition}
                </when>
                <when test="criterion.singleValue">
                  and ${criterion.condition} #{criterion.value}
                </when>
                <when test="criterion.betweenValue">
                  and ${criterion.condition} #{criterion.value} and #{criterion.secondValue}
                </when>
                <when test="criterion.listValue">
                  and ${criterion.condition}
                  <foreach close=")" collection="criterion.value" item="listItem" open="(" separator=",">
                    #{listItem}
                  </foreach>
                </when>
              </choose>
            </foreach>
          </trim>
        </if>
      </foreach>
    </where>
  </sql>
  <sql id="Base_Column_List">
    account_id, integral, Sincerity, signcount, rewardcount, chatcount, sharecount, vip, 
    expire
  </sql>
  <select id="selectByExample" parameterType="cn.tt.bean.WalletExample" resultMap="BaseResultMap">
    select
    <if test="distinct">
      distinct
    </if>
    <include refid="Base_Column_List" />
    from wallet
    <if test="_parameter != null">
      <include refid="Example_Where_Clause" />
    </if>
    <if test="orderByClause != null">
      order by ${orderByClause}
    </if>
  </select>
  <select id="selectByPrimaryKey" parameterType="java.lang.String" resultMap="BaseResultMap">
    select 
    <include refid="Base_Column_List" />
    from wallet
    where account_id = #{accountId,jdbcType=VARCHAR}
  </select>
  <delete id="deleteByPrimaryKey" parameterType="java.lang.String">
    delete from wallet
    where account_id = #{accountId,jdbcType=VARCHAR}
  </delete>
  <delete id="deleteByExample" parameterType="cn.tt.bean.WalletExample">
    delete from wallet
    <if test="_parameter != null">
      <include refid="Example_Where_Clause" />
    </if>
  </delete>
  <insert id="insert" parameterType="cn.tt.bean.Wallet">
    insert into wallet (account_id, integral, Sincerity, 
      signcount, rewardcount, chatcount, 
      sharecount, vip, expire
      )
    values (#{accountId,jdbcType=VARCHAR}, #{integral,jdbcType=INTEGER}, #{sincerity,jdbcType=INTEGER}, 
      #{signcount,jdbcType=INTEGER}, #{rewardcount,jdbcType=INTEGER}, #{chatcount,jdbcType=INTEGER}, 
      #{sharecount,jdbcType=INTEGER}, #{vip,jdbcType=TINYINT}, #{expire,jdbcType=DATE}
      )
  </insert>
  <insert id="insertSelective" parameterType="cn.tt.bean.Wallet">
    insert into wallet
    <trim prefix="(" suffix=")" suffixOverrides=",">
      <if test="accountId != null">
        account_id,
      </if>
      <if test="integral != null">
        integral,
      </if>
      <if test="sincerity != null">
        Sincerity,
      </if>
      <if test="signcount != null">
        signcount,
      </if>
      <if test="rewardcount != null">
        rewardcount,
      </if>
      <if test="chatcount != null">
        chatcount,
      </if>
      <if test="sharecount != null">
        sharecount,
      </if>
      <if test="vip != null">
        vip,
      </if>
      <if test="expire != null">
        expire,
      </if>
    </trim>
    <trim prefix="values (" suffix=")" suffixOverrides=",">
      <if test="accountId != null">
        #{accountId,jdbcType=VARCHAR},
      </if>
      <if test="integral != null">
        #{integral,jdbcType=INTEGER},
      </if>
      <if test="sincerity != null">
        #{sincerity,jdbcType=INTEGER},
      </if>
      <if test="signcount != null">
        #{signcount,jdbcType=INTEGER},
      </if>
      <if test="rewardcount != null">
        #{rewardcount,jdbcType=INTEGER},
      </if>
      <if test="chatcount != null">
        #{chatcount,jdbcType=INTEGER},
      </if>
      <if test="sharecount != null">
        #{sharecount,jdbcType=INTEGER},
      </if>
      <if test="vip != null">
        #{vip,jdbcType=TINYINT},
      </if>
      <if test="expire != null">
        #{expire,jdbcType=DATE},
      </if>
    </trim>
  </insert>
  <select id="countByExample" parameterType="cn.tt.bean.WalletExample" resultType="java.lang.Long">
    select count(*) from wallet
    <if test="_parameter != null">
      <include refid="Example_Where_Clause" />
    </if>
  </select>
  <update id="updateByExampleSelective" parameterType="map">
    update wallet
    <set>
      <if test="record.accountId != null">
        account_id = #{record.accountId,jdbcType=VARCHAR},
      </if>
      <if test="record.integral != null">
        integral = #{record.integral,jdbcType=INTEGER},
      </if>
      <if test="record.sincerity != null">
        Sincerity = #{record.sincerity,jdbcType=INTEGER},
      </if>
      <if test="record.signcount != null">
        signcount = #{record.signcount,jdbcType=INTEGER},
      </if>
      <if test="record.rewardcount != null">
        rewardcount = #{record.rewardcount,jdbcType=INTEGER},
      </if>
      <if test="record.chatcount != null">
        chatcount = #{record.chatcount,jdbcType=INTEGER},
      </if>
      <if test="record.sharecount != null">
        sharecount = #{record.sharecount,jdbcType=INTEGER},
      </if>
      <if test="record.vip != null">
        vip = #{record.vip,jdbcType=TINYINT},
      </if>
      <if test="record.expire != null">
        expire = #{record.expire,jdbcType=DATE},
      </if>
    </set>
    <if test="_parameter != null">
      <include refid="Update_By_Example_Where_Clause" />
    </if>
  </update>
  <update id="updateByExample" parameterType="map">
    update wallet
    set account_id = #{record.accountId,jdbcType=VARCHAR},
      integral = #{record.integral,jdbcType=INTEGER},
      Sincerity = #{record.sincerity,jdbcType=INTEGER},
      signcount = #{record.signcount,jdbcType=INTEGER},
      rewardcount = #{record.rewardcount,jdbcType=INTEGER},
      chatcount = #{record.chatcount,jdbcType=INTEGER},
      sharecount = #{record.sharecount,jdbcType=INTEGER},
      vip = #{record.vip,jdbcType=TINYINT},
      expire = #{record.expire,jdbcType=DATE}
    <if test="_parameter != null">
      <include refid="Update_By_Example_Where_Clause" />
    </if>
  </update>
  <update id="updateByPrimaryKeySelective" parameterType="cn.tt.bean.Wallet">
    update wallet
    <set>
      <if test="integral != null">
        integral = #{integral,jdbcType=INTEGER},
      </if>
      <if test="sincerity != null">
        Sincerity = #{sincerity,jdbcType=INTEGER},
      </if>
      <if test="signcount != null">
        signcount = #{signcount,jdbcType=INTEGER},
      </if>
      <if test="rewardcount != null">
        rewardcount = #{rewardcount,jdbcType=INTEGER},
      </if>
      <if test="chatcount != null">
        chatcount = #{chatcount,jdbcType=INTEGER},
      </if>
      <if test="sharecount != null">
        sharecount = #{sharecount,jdbcType=INTEGER},
      </if>
      <if test="vip != null">
        vip = #{vip,jdbcType=TINYINT},
      </if>
      <if test="expire != null">
        expire = #{expire,jdbcType=DATE},
      </if>
    </set>
    where account_id = #{accountId,jdbcType=VARCHAR}
  </update>
  <update id="updateByPrimaryKey" parameterType="cn.tt.bean.Wallet">
    update wallet
    set integral = #{integral,jdbcType=INTEGER},
      Sincerity = #{sincerity,jdbcType=INTEGER},
      signcount = #{signcount,jdbcType=INTEGER},
      rewardcount = #{rewardcount,jdbcType=INTEGER},
      chatcount = #{chatcount,jdbcType=INTEGER},
      sharecount = #{sharecount,jdbcType=INTEGER},
      vip = #{vip,jdbcType=TINYINT},
      expire = #{expire,jdbcType=DATE}
    where account_id = #{accountId,jdbcType=VARCHAR}
  </update>
</mapper>